,video_url,lat/lon,video_title
0,https://www.youtube.com/embed/1VyCvBHW7_Q,"['119.4262061', '32.1899073']","Cyberpunk Night Walk through Streets of Chinese City (Zhenjiang, China)"
1,https://www.youtube.com/embed/5NcL90BlNks,"['120.31191', '31.491169']","Nachtwanderung in der Innenstadt von Wuxi, China"
2,https://www.youtube.com/embed/K7TUeQdN_-A,"['120.3433486', '31.5122038']","Walk through Traditional Chinese Urban Village Streets (Wuxi, China)"
3,https://www.youtube.com/embed/Byf0aME-C7w,"['120.3097169', '31.5241379']","Cyberpunk Walk through Backstreets of Chinese City (Wuxi, China)"
4,https://www.youtube.com/embed/sng8-yJ81bw,"['120.2965848', '31.5069428']","Cyberpunk Night Walk through Backstreets of Chinese City (Wuxi, China)"
5,https://www.youtube.com/embed/2NgTR90y5f8,"['119.4414173', '32.2045465']","Walk through Streets of Cyberpunk Chinese City (Zhenjiang, China)"
6,https://www.youtube.com/embed/6BL90Mye7tY,"['120.3475662', '31.4989993']","Walk through Massive Cyberpunk Chinese Market (Wuxi, China)"
7,https://www.youtube.com/embed/DYYRDmY_YP8,"['120.5564118', '31.3009973']","Cyberpunk Night Walk through Backstreets of Chinese City (Suzhou, China)"
8,https://www.youtube.com/embed/RUS16cEgeNQ,"['119.4964457', '32.16202']","Walk through Streets of Obscure Chinese Village (Zhenjiang, China)"
9,https://www.youtube.com/embed/LPs-014Rfc0,"['120.2696447', '31.4863572']","Night Cherry Blossoms in Wuxi, China | Atmospheric Walk through Giant Chinese Park"
10,https://www.youtube.com/embed/Ls-n3hJDskM,"['106.5571389', '29.5578792']","Walking in Chongqing, China | Cyberpunk Walk through Chinese City"
11,https://www.youtube.com/embed/3y8DtrqfVME,"['119.4219446', '32.1695763']","Night Walk through Zhenjiang, China Backstreets | Atmospheric Cyberpunk"
12,https://www.youtube.com/embed/1L-0teA-sAY,"['120.619524', '31.3021257']","Walking in Suzhou, China | Atmospheric Chinese Urban Village"
13,https://www.youtube.com/embed/5LArhIB_rVM,"['106.54688', '29.5588862']","Rainy Walk in Chongqing, China | Cyberpunk Walk through Chinese Urban Jungle"
14,https://www.youtube.com/embed/IQ6ZCz4vdJI,"['120.3035596', '31.4510947']","Walk through Crumbling Village in Wuxi, China | Atmospheric Urban Village on Verge of Demolition"
15,https://www.youtube.com/embed/5DTzaR8iglc,"['106.5673403', '29.5595196']","Night Walk through Backstreets of Chongqing, China | Pure Cyberpunk Bliss"
16,https://www.youtube.com/embed/LCDVtqqykIE,"['106.5495763', '29.5492801']","Rainy Walk in Chongqing, China | Old Neighborhood Next to Train Station"
17,https://www.youtube.com/embed/QZXyDxd8ODY,"['4.8709553', '52.3690347']","Cycling In Amsterdam
"
18,https://www.youtube.com/embed/VbQJTncMs24,"['4.8740732', '52.3243184']","Cycling Amsterdam Walborg- Bilderdijkkade
"
19,https://www.youtube.com/embed/65LfbzzMjgA,"['2.1490784', '41.3754354']",Walking in Barcelona
20,https://www.youtube.com/embed/oIUdesLgIBI,"['4.8797404', '52.3737621']","Walking Bloemstraat to Central station in Amsterdam
"
21,https://www.youtube.com/embed/x_9pio3J5wU,"['121.4757348', '31.2793961']",Walking in Shanghai ( China )
22,https://www.youtube.com/embed/ggraR0MSk1s,"['121.4954942', '31.2303685']",Walking The Shanghai Bund
23,https://www.youtube.com/embed/x8v4zQd5Psg,"['114.2984962', '30.6388546']",Walking in Wuhan (China)
24,https://www.youtube.com/embed/QtnPgXa8bAw,"['113.2650947', '23.1314977']",Walking in Guangzhou
25,https://www.youtube.com/embed/1iFj2g8-A1Q,"['114.2302692', '22.2777363']","Tram east to west Hong Kong
"
26,https://www.youtube.com/embed/M61sMQmoPRw,"['114.1697537', '22.3072897']",Walking in Kowloon Shanghai Street
27,https://www.youtube.com/embed/9dMimET3-_s,"['4.3007751', '52.0711812']","Walking in The Hague, Netherlands"
28,https://www.youtube.com/embed/E2MTZRmUnYc,"['105.8557808', '21.0268163']","Walking in Hanoi - (Ngô Quyền)
"
29,https://www.youtube.com/embed/_cE1N52uyuM,"['106.6356348', '10.8913598']",Walking in Hồ Chí Minh City (Saigon)
30,https://www.youtube.com/embed/N4pVy9bk_jg,"['104.9274755', '11.5590736']","Walking in Phnom Penh (Cambodia)
"
31,https://www.youtube.com/embed/h4pJUXwEG8U,"['5.1214677', '52.0909149']",Walking in Utrecht (Netherlands)
32,https://www.youtube.com/embed/uh5Zy13i8MY,"['5.3877687', '52.1561453']",Walking in Amersfoort (Netherlands)
33,https://www.youtube.com/embed/KbczWMAmGB8,"['4.4778038', '51.9248398']",Walking in Rotterdam (Netherlands)
34,https://www.youtube.com/embed/Z0fd-ZjZqIM,"['13.4065791', '52.4983442']",Walking in Berlin. Kreuzberg - Berlin wall
35,https://www.youtube.com/embed/qmE9_ZAK6YA,"['21.0122287', '52.2296756']","Walking in Warsaw (Poland)
"
36,https://www.youtube.com/embed/nJvHbOnFPkU,"['30.5234', '50.4501']","Walking in Kyiv (Ukraine)
"
37,https://www.youtube.com/embed/dFLMd8Ip4I8,"['28.8638102', '47.0104529']","Walking in Chișinău (Moldova)
"
38,https://www.youtube.com/embed/8GML6v4o6ZY,"['26.1025384', '44.4267674']","Walking in Bucharest (Romania)
"
39,https://www.youtube.com/embed/3V4YWPpuUUM,"['23.3218675', '42.6977082']","Walking in Sofia (Bulgaria)
"
40,https://www.youtube.com/embed/etaZ3S-KpKw,"['28.9783589', '41.0082376']","Walking in Istanbul (Turkey)
"
41,https://www.youtube.com/embed/K27Z6nRM7uk,"['28.967981', '41.0106748']","Short Walk in Istanbul (Bazaar)
"
42,https://www.youtube.com/embed/9puDiItvJKE,"['77.2090212', '28.6139391']","Walking in New Delhi (India)
"
43,https://www.youtube.com/embed/QsyoLAWWQ9Q,"['77.2321071', '28.6562814']","Walking in Old Delhi (India)
"
44,https://www.youtube.com/embed/17IajJTlFEU,"['77.1887145', '32.2396325']","Walking in Manali (India)
"
45,https://www.youtube.com/embed/EX-zkkB7Y3M,"['82.9739144', '25.3176452']","Walking in Varanasi (India)
"
46,https://www.youtube.com/embed/UsjJg4xBNGo,"['85.3239605', '27.7172453']","Walking in Kathmandu (Nepal)
"
47,https://www.youtube.com/embed/hSiZkdkSiZA,"['83.3731675', '26.7605545']","Walking in Gorakhpur (India)
"
48,https://www.youtube.com/embed/h-Bs7331yTQ,"['96.195132', '16.8660694']","Walking in Yangon (Myanmar)
"
49,https://www.youtube.com/embed/9q0fQ4p16YQ,"['97.8531153', '15.2487575']","Walking in Ye (Myanmar)
"
50,https://www.youtube.com/embed/GMeN19GkCpU,"['98.6270628', '12.4492291']","Walking in Myeik (Myanmar)
"
51,https://www.youtube.com/embed/2Hses2nG2gc,"['100.5017651', '13.7563309']","Walking In Bangkok (Thailand)
"
52,https://www.youtube.com/embed/T3Z-lAQGO80,"['98.8290042', '8.034309']","Walking in Ao Nang (Thailand)
"
53,https://www.youtube.com/embed/d6sSCs6k1hY,"['101.686855', '3.139003']","Walking in Kuala Lumpur (Malaysia)
"
54,https://www.youtube.com/embed/Y5iOb023Jv0,"['103.819836', '1.352083']","Walking in Singapore
"
55,https://www.youtube.com/embed/EwxkiHE6YsU,"['106.845599', '-6.2087634']","Walking in Jakarta (Indonesia)
"
56,https://www.youtube.com/embed/3pn5ifV0d5I,"['112.7520883', '-7.2574719']","Walking in Surabaya (Indonesia)
"
57,https://www.youtube.com/embed/DXhi8L9Ie6A,"['119.4327314', '-5.1476651']","Walking in Makassar (Indonesia )
"
58,https://www.youtube.com/embed/6fIXWAcSE9o,"['119.8779987', '-0.9002915']","Walking in Palu (Indonesia)
"
59,https://www.youtube.com/embed/Ll-l7UG50AM,"['109.3425039', '-0.0263303']","Walking in Pontianak (Indonesia)
"
60,https://www.youtube.com/embed/dU2jNYoLiGY,"['116.8528526', '-1.2379274']","Walking in Balikpapan (Indonesia)
"
61,https://www.youtube.com/embed/SZfDfFqKeog,"['113.9913832', '4.399493']","Walking in Miri (Malaysia)
"
62,https://www.youtube.com/embed/htkK8jVoeec,"['114.939821', '4.9030522']","Walking in Bandar Seri Begawan (Brunei)
"
63,https://www.youtube.com/embed/FSHkgYbSpLE,"['116.0734568', '5.980408']","Walking in Kota Kinabalu (Malaysia)
"
64,https://www.youtube.com/embed/cpX2BKVhrB8,"['118.611545', '4.479391']","Walking in Semporna (Malaysia)
"
65,https://www.youtube.com/embed/w007cst8Imw,"['121.0222565', '14.6090537']","Walking in Manila (Philippines)
"
66,https://www.youtube.com/embed/Ix1g9geW6oM,"['-56.1645314', '-34.9011127']","Walking in Montevideo (Uruguay)
"
67,https://www.youtube.com/embed/SIfMs3KitKM,"['-57.8339099', '-34.4607189']","Walking in Colonia del Sacramento (Uruguay)
"
68,https://www.youtube.com/embed/rVLOQB5kGGw,"['-58.381715', '-34.6037618']","Walking in Buenos Aires (Argentina)
"
69,https://www.youtube.com/embed/jwhBEjDTgNY,"['-68.8458386', '-32.8894587']","Walking in Mendoza (Argentina)
"
70,https://www.youtube.com/embed/GIPcrCaqwls,"['-71.6126885', '-33.047238']","Walking in Valparaíso (Chile)
"
71,https://www.youtube.com/embed/tWnqrdjaTk4,"['-60.7238016', '-31.5855109']","Walking in Santa Fe (Argentina)
"
72,https://www.youtube.com/embed/3WfiuNKvEFg,"['-54.6385999', '-25.5069299']","Walking in Ciudad del Este (Paraguay)
"
73,https://www.youtube.com/embed/kTAWZS1CdXQ,"['-46.6333094', '-23.5505199']","Walking In São Paulo (Brasil)
"
74,https://www.youtube.com/embed/kDJruOu5gtU,"['-43.1868448', '-22.9694417']",Walking in Rio de Janeiro (Copacabana + Ipanema)
75,https://www.youtube.com/embed/8nPL9YBWV0o,"['-47.9218204', '-15.826691']","Walking in Brasilia (Brasil)
"
76,https://www.youtube.com/embed/kjjSXN22a-g,"['-68.1192936', '-16.489689']","Walking in La Paz (Bolivia)
"
77,https://www.youtube.com/embed/wr_UklK47Q4,"['-54.6201211', '-20.4697105']","Walking in Campo Grande (Brasil)
"
78,https://www.youtube.com/embed/aFGcvXjd_7s,"['-71.9674626', '-13.53195']","Walking in Cusco (Peru)
"
79,https://www.youtube.com/embed/V2-ln_lVUAc,"['-77.042754', '-12.0463731']","Walking in Lima (Peru)
"
80,https://www.youtube.com/embed/hEy49d_-nTo,"['-79.8549907', '-6.7700798']","Walking in Chiclayo (Peru)
"
81,https://www.youtube.com/embed/XiOLYmF70fA,"['-74.072092', '4.7109886']","Walking in Bogota (Colombia )
"
82,https://www.youtube.com/embed/pymiym7HZBo,"['-75.5658153', '6.2476376']","Walking in Medellin (Colombia)
"
83,https://www.youtube.com/embed/hV2dnn3TRmE,"['-75.4794257', '10.3910485']",Walking in Cartagena (Colombia)
84,https://www.youtube.com/embed/ATcelES51OM,"['-79.5198696', '8.9823792']","Walking in Panama City (Panama)
"
85,https://www.youtube.com/embed/HqH4QsUUQk4,"['-85.9560005', '11.9344073']","Walking in Granada (Nicaragua )
"
86,https://www.youtube.com/embed/ODuej1Yk1sU,"['-89.2181911', '13.6929403']","Walking in San Salvador (El Salvador)
"
87,https://www.youtube.com/embed/iDhigI-t4J0,"['-90.5068824', '14.6349149']","Walking in Guatemala city (Guatemala)
"
88,https://www.youtube.com/embed/vs634CbLGLY,"['-88.1962133', '17.5045661']",Walking in Belize City (Belize)
89,https://www.youtube.com/embed/kwHh2eX9qJw,"['-86.8515279', '21.161908']","Walking in Cancun (Mexico)
"
90,https://www.youtube.com/embed/T-goMkR_HZQ,"['35.2024425', '31.7053821']","Walking in Bethlehem (Palestine)
"
91,https://www.youtube.com/embed/Ml4gm7GBZiU,"['35.099826', '31.532569']",Walking in Hebron (Palestine)
92,https://www.youtube.com/embed/JKAv4K3IzQQ,"['35.2034184', '31.9037641']","Walking in Ramallah (Palestine)
"
93,https://www.youtube.com/embed/gMsfQxPb3HU,"['35.21371', '31.768319']","Walking in Jerusalem (Israel / Palestine)
"
94,https://www.youtube.com/embed/yXCdjiOKt60,"['34.7817676', '32.0852999']","Walking in Tel Aviv (Israel)
"
95,https://www.youtube.com/embed/EbHQrBBgIQM,"['-87.1715002', '14.065049']","Walking in Tegucigalpa (Honduras)
"
96,https://www.youtube.com/embed/Ls3q5c0WEqA,"['-76.3726891', '-6.4824784']","Walking in Tarapoto (Peru)
"
97,https://www.youtube.com/embed/RRBi1Qcn-JA,"['-43.1807842', '-22.9511931']","Walking in Rio de janeiro (Botafogo)
"
98,https://www.youtube.com/embed/199L7EwxE0o,"['-57.575926', '-25.2637399']","Walking In Asuncion (Paraguay)
"
99,https://www.youtube.com/embed/LBQv-Wi__Uk,"['-64.1887761', '-31.4200833']","Walking in Cordoba (Argentina )
"
100,https://www.youtube.com/embed/Y9T4thoWkHo,"['110.3592927', '1.553504']","Walking in Kuching, Sarawak (Malaysia)
"
101,https://www.youtube.com/embed/UTIEOJcFGyw,"['102.6331035', '17.9757058']","Walking in Vientiane (Laos)
"
102,https://www.youtube.com/embed/ATmSPmyh-PY,"['97.6439611', '16.4543173']","Walking in Mawlamyine (Myanmar)
"
103,https://www.youtube.com/embed/VxetycIW22A,"['88.363895', '22.572646']","Walking in Kolkata ( Calcutta)
"
104,https://www.youtube.com/embed/SGd2nh4NqNk,"['83.9855674', '28.2095831']","Walking in Pokhara (Nepal)
"
105,https://www.youtube.com/embed/JqruO5UEkrI,"['74.8722642', '31.6339793']","Walking in Amritsar (India)
"
106,https://www.youtube.com/embed/OAD2M97ddWc,"['30.7233095', '46.482526']","Walking in Odessa (Ukraine)
"
107,https://www.youtube.com/embed/eeCpSiOxV8Q,"['24.029717', '49.839683']","Walking in L'viv (Ukraine)
"
108,https://www.youtube.com/embed/QMwBMyFtiVE,"['19.9449799', '50.0646501']","Walking in Krakow (Poland)
"
109,https://www.youtube.com/embed/EFX4MezRkTU,"['17.0385376', '51.1078852']","Walking in Wroclaw (Poland)
"
110,https://www.youtube.com/embed/gBo-fY7a67I,"['13.4139129', '52.5217379']","Walking in Berlin, Alexanderplatz - Brandenburger Tor
"
111,https://www.youtube.com/embed/uT6wcbH2mKw,"['4.6447395', '52.3883047']","Walking in Haarlem (Netherlands)
"
112,https://www.youtube.com/embed/Pfvw9fqT2oI,"['108.195457', '16.0654929']",Walking in Đa Năng. Vietnam
113,https://www.youtube.com/embed/gooXjxhk65U,"['105.8539994', '21.0369195']","Walking in Hanoi - Hồng Hà - Phúc Tân
"
114,https://www.youtube.com/embed/97YwXjLA9M8,"['114.1526625', '22.2862913']",Walking in Hong Kong
115,https://www.youtube.com/embed/XPJ_3J4Cmvc,"['38.7583251', '9.0117641']","Walking in Addis Ababa
"
116,https://www.youtube.com/embed/w0S6UyK4UFI,"['31.2582257', '30.04729']","Walking in Cairo (Egypt)
"
117,https://www.youtube.com/embed/Z4myeuz107k,"['-0.0740304', '51.508696']",Walking in London
118,https://www.youtube.com/embed/Zun2n5VBPnA,"['138.1886437', '36.6431243']",Nagano walk
119,https://www.youtube.com/embed/M6MsCxYsnKA,"['139.4959238', '35.6515565']","Videowalk in Fuchu and Kawasaki cities
"
120,https://www.youtube.com/embed/UWCYQKO4Wp0,"['139.6967028', '35.6715869']","Videowalk in Yoyogi park
"
121,https://www.youtube.com/embed/Lt9pGeYyoB0,"['139.7752231', '35.6356126']","Odaiba videowalk
"
122,https://www.youtube.com/embed/mI4V37FZxFI,"['139.4820608', '35.304028']","Enoshima videowalk
"
123,https://www.youtube.com/embed/ONXyse9KHNA,"['138.7426995', '35.3750124']","Videowalk around mt. Fuji crater
"
124,https://www.youtube.com/embed/i_ycdq1CYd4,"['139.771971', '35.7140897']","Videowalk in Ueno park
"
125,https://www.youtube.com/embed/S0IFUSyYthc,"['139.6312856', '35.5104958']","Videowalk from Kikuna to Ramen museum
"
126,https://www.youtube.com/embed/Tv0C0G578t0,"['139.270024', '35.6322997']","Tokyo hiking - Takao mountains
"
127,https://www.youtube.com/embed/1U5tFFIzzCI,"['139.3975365', '35.7111']","Showakinen park illumination
"
128,https://www.youtube.com/embed/A6KjLORHRAA,"['139.8111', '35.71043']","Videowalk around Tokyo Skytree and projection show
"
129,https://www.youtube.com/embed/3DpjvIgVP9o,"['139.7553875', '35.6744393']",Hibiya park videowalk
130,https://www.youtube.com/embed/n9ARQNys6II,"['139.7033559', '35.6938253']",Shinjuku Kabukicho and Golden Gai videowalk
131,https://www.youtube.com/embed/wXAmwvyEjTQ,"['139.749885', '35.6933175']","Videowalk around Budokan - Sakura, more sakura, tons of sakura"
132,https://www.youtube.com/embed/GZUjnWLIZIk,"['139.7887174', '35.7163394']",Kappabashi brief overview videowalk
133,https://www.youtube.com/embed/pSbaWdzQV1o,"['139.7958849', '35.7185858']",Asakusa during sakura season
134,https://www.youtube.com/embed/qNBhJXN9gM4,"['139.7482079', '35.6574236']",Walking around Zojo temple and Shiba park
135,https://www.youtube.com/embed/1TYvaXxbG-k,"['139.8600021', '35.6411072']",Kasai Rinkai park
136,https://www.youtube.com/embed/6qGiXY1SB68,"['139.7006915', '35.6591381']",Spaziergang durch Tokio Shibuya am Abend
137,https://www.youtube.com/embed/ef8O7SlFDdQ,"['139.7290423', '35.6684429']",Walking to Tokyo Tower through Roppongi from Nogizaka
138,https://www.youtube.com/embed/ZSZVhClbnTs,"['139.5500529', '35.3188638']",Kamakura. Walking from the station to Tsurugaoka Hachimangu and back
139,https://www.youtube.com/embed/THVa0ojXQvc,"['139.6223132', '35.4657858']",Day walking in Minatomirai and Chukagai
140,https://www.youtube.com/embed/vHr4qSQ-5XU,"['139.7046129', '35.6937775']","Nächtlicher Spaziergang durch Ost-Shinjuku, Tokio"
141,https://www.youtube.com/embed/yzn5E6O75jU,"['139.706419', '36.802083']",Walking from Nikko Kosagoe station to Edo Wonderland
142,https://www.youtube.com/embed/S8e-PhNMQec,"['139.7926887', '35.6937752']","Evening walk in rainy Ryogoku district, Sumida city,Tokyo"
143,https://www.youtube.com/embed/cubBJSNw59o,"['135.7587667', '34.985849']",Walking from Kyoto station to Kiyomizudera way on a rainy day
144,https://www.youtube.com/embed/qSX4vpwlQzw,"['139.7109001', '35.7295028']","Night videowalk around Ikebukuro station, Tokyo"
145,https://www.youtube.com/embed/1aqM14CYb4Y,"['139.7179454', '35.6517532']",Night walk Hiro-o - Roppongi Hills - Midtown - Tokyo tower
146,https://www.youtube.com/embed/Qj7dKz5JFoY,"['139.9019863', '35.6531598']",Typhoon night in Urayasu
147,https://www.youtube.com/embed/AuCC1-7tdd4,"['135.7726717', '34.9671402']",Midday Kyoto - Fushimiinaritaisha
148,https://www.youtube.com/embed/o-42_E9Uu7U,"['135.8048019', '34.685109']",Morning Nara - walking from the Station to park area
149,https://www.youtube.com/embed/3zJyPtboVI4,"['138.7688409', '35.4982362']",Mt. Fuji - Walking from Kawaguchiko station to the lake
150,https://www.youtube.com/embed/GJZLXiNOqqA,"['135.5022953', '34.6629331']",From evening Dotonbori to Osaka station
151,https://www.youtube.com/embed/wUAZ55HmG4Y,"['138.7551994', '35.4973138']",Aokigahara forest near mt. Fuji
152,https://www.youtube.com/embed/RhZ9GaGf-0o,"['139.7387597', '35.6284713']",From Shinagawa station through Season Terrace illumination to Rainbow bridge
153,https://www.youtube.com/embed/3EEgWCfK6Zg,"['139.709008', '35.6699682']",Harajuku Christmas Illumination
154,https://www.youtube.com/embed/efvCgbIeMB0,"['139.4100048', '35.6912117']",Tama Monorail
155,https://www.youtube.com/embed/iCA1gtC451A,"['139.579894', '35.6387514']",Nogawa Ryokuchi Park
156,https://www.youtube.com/embed/XuiS4Cfbo5o,"['139.7067245', '35.6520164']",Walking around Daikan-yama and Ebisu station
157,https://www.youtube.com/embed/NcDiuH27o6Q,"['139.7476907', '35.5347735']",Walking in Industrial Kawasaki
158,https://www.youtube.com/embed/kd-OLM-6GRE,"['135.7721529', '35.003984']",Evening Kyoto - walking around Gion
159,https://www.youtube.com/embed/Lp3wfyq8f8U,"['139.6729014', '35.7375276']","Night walk in Nerima city, Tokyo"
160,https://www.youtube.com/embed/bzgaWfAIWm4,"['135.7290044', '35.0392985']",Walking in Kyoto - Kinkakuji
161,https://www.youtube.com/embed/-Yqh1IKrNpY,"['139.6045776', '36.7535589']",Nikko - Walking from Shinkyo to Tobu-Nikko station
162,https://www.youtube.com/embed/yIMDgPKgN1w,"['135.6776093', '35.0121235']","Walking in Arashiyama, Kyoto - Kameyama park and bamboo groove"
163,https://www.youtube.com/embed/4MuJl6_vnA0,"['139.7788145', '35.6275325']",Night walk on Odaiba - Tokyo
164,https://www.youtube.com/embed/rLwp3hjXi2w,"['139.6637591', '35.7075331']",Nakano and Nakano Broadway
165,https://www.youtube.com/embed/vI_kACChKKM,"['139.7730717', '35.698383']",Test night videowalk in Akihabara
166,https://www.youtube.com/embed/j633UcoBfcE,"['139.7715977', '35.6640869']",Walking on Tsukiji market streets
167,https://www.youtube.com/embed/q2XHjSZKyRc,"['139.7634925', '35.6597374']",Hamarikyu Gardens videowalk
168,https://www.youtube.com/embed/VCYLQuiEuqU,"['139.7671248', '35.6812362']","Evening walk around Tokyo station
"
169,https://www.youtube.com/embed/FR7SKCnSRdA,"['139.7138026', '35.6873761']","Shinjuku gyoen videowalk in the end of February
"
170,https://www.youtube.com/embed/1BH_BD5J_iw,"['139.7300767', '35.6602384']","Roppongi - from Roppongi hills to MidTown
"
171,https://www.youtube.com/embed/U6H6hQb5PFk,"['139.6974604', '36.7907826']","Videowalk in Edo Wonderland. Samurais and Ninjas.
"
172,https://www.youtube.com/embed/4yL5mRK0CLQ,"['139.6329595', '35.4572221']","Videowalk in Pikachu town - MinatoMirai of Yokohama
"
173,https://www.youtube.com/embed/90Tt6cZBjng,"['139.1535136', '35.2509493']","Videowalk at Odawara castle
"
174,https://www.youtube.com/embed/kKCzGHEsD1o,"['139.5125401', '35.7154366']","Videowalk in Edo-Tokyo Open Air Architectural Museum
"
175,https://www.youtube.com/embed/5xKyhAOXvck,"['139.7412909', '35.723305']","Tokyo Imperial garden videowalk
"
176,https://www.youtube.com/embed/VkRNN1g3iLE,"['139.826351', '35.689371']",Walking along Oyokogawa park to SkyTree tower
177,https://www.youtube.com/embed/NZpGw1EFcjk,"['139.6190582', '35.7044977']",Walking along Zenpukuji river
178,https://www.youtube.com/embed/BpZwn3lEUSk,"['140.277523', '35.807767']",Walking to Boso no mura
179,https://www.youtube.com/embed/NZ2dTxeWczo,"['140.2730567', '35.8228808']",Walk in Boso no mura park
180,https://www.youtube.com/embed/JxwTVxJ85tg,"['139.7370612', '35.7551646']",Before Fox Parade on New Year
181,https://www.youtube.com/embed/_Qyo8Qjc8dc,"['140.122211', '35.6036441']",Chiba Urban Monorail 
182,https://www.youtube.com/embed/COQ4B3zYK0s,"['139.7746402', '35.711718']","Evening walk in Ameya-yokocho, Ueno, Tokyo."
183,https://www.youtube.com/embed/hTaXssXhcNY,"['139.7599638', '35.6628413']",Tokyo Yurikamome line
184,https://www.youtube.com/embed/f6E1rTfwIWc,"['141.3538', '43.05582']",Sapporo night walk from Susukino to Sapporo station
185,https://www.youtube.com/embed/b_TQawFIJuU,"['139.6548336', '35.6588093']",Tokyo Hanegi park - koto and plum
186,https://www.youtube.com/embed/qVdWO98DM50,"['141.6031222', '42.6312464']",Walking in Hokkaido Tomakomai city
187,https://www.youtube.com/embed/iGJgr-Sytqg,"['137.2130121', '36.701456']",Morning walk in Toyama city
188,https://www.youtube.com/embed/F_FV06-cr_o,"['136.902938', '36.2565264']",Walking in Shirakawa-go
189,https://www.youtube.com/embed/w46op-H-TsQ,"['141.3506596', '43.0683103']",Day walking in Sapporo from Sapporo station to Oodori
190,https://www.youtube.com/embed/aDCwZIUop6s,"['141.3466931', '43.059787']",Sapporo night - Oodori
191,https://www.youtube.com/embed/D-_ayKDvSLE,"['141.3671865', '43.1129814']",Sapporo Tsu-dome walk
192,https://www.youtube.com/embed/i6u-TdMGOKo,"['139.7031862', '35.6578402']",Rainy night at Tokyo Shibuya
193,https://www.youtube.com/embed/DN3Oy9--Z3c,"['139.7872022', '35.6776321']",Tokyo Sumida river straight walk for treadmill
194,https://www.youtube.com/embed/C36hR6mmSO0,"['139.7293546', '35.6657947']",Washi lanterns at Tokyo Midtown
195,https://www.youtube.com/embed/r6elys1yroU,"['139.6558921', '35.2840498']",Evening walk in Yokosuka
196,https://www.youtube.com/embed/dBaWy8cmdoo,"['139.794926', '35.7098807']",Night walk at rainy Tokyo Asakusa
197,https://www.youtube.com/embed/TGFPQhPuayE,"['139.699451', '35.6443741']",Night Meguro in sakura
198,https://www.youtube.com/embed/tjOjqE2mHCI,"['139.7158331', '35.6340929']",Day Meguro in sakura
199,https://www.youtube.com/embed/7EU3OvonEGo,"['139.7785074', '35.6907124']",Morning walk at Higashi-Nihombashi
200,https://www.youtube.com/embed/iw5S_CgtgTs,"['138.7392637', '35.5099123']",Walking and sakura observing along Fuji Kawaguchiko lake
201,https://www.youtube.com/embed/IAwkzYtCai0,"['138.8029588', '35.4978053']",Sakura at Fuji Arakurayama Sengen park
202,https://www.youtube.com/embed/0uORCqDziQw,"['140.3140825', '35.7779156']",Walking at Narita Taiko 2018 drum festival
203,https://www.youtube.com/embed/LpPLIo6a_pI,"['139.7044649', '35.6966373']",Fast walking from Shinjuku to Shibuya
204,https://www.youtube.com/embed/l9XtI_CHAk0,"['138.9343738', '35.3004915']",Gotemba town walk
205,https://www.youtube.com/embed/NU54DeHQgcA,"['139.7957336', '35.6965972']",Walking at Tokyo Ryogoku Nigiwai festival 2018
206,https://www.youtube.com/embed/pSpJNtCaJP0,"['139.5527441', '35.3028715']",Walking at Kamakura beach
207,https://www.youtube.com/embed/C9qKkjtqaOY,"['138.6615726', '35.5034083']",Walking at Iyashi village
208,https://www.youtube.com/embed/zrw51Jx_23Q,"['138.6588487', '35.4793471']",Aokigahara Ice caves
209,https://www.youtube.com/embed/EVkbdAphkhA,"['139.5802054', '35.704096']",Kichijoji and Inokashira park walk
210,https://www.youtube.com/embed/DHq0pLFavyc,"['138.9625671', '35.8290091']",Tokyo Okutama mountains walk
211,https://www.youtube.com/embed/NvIyOoZ1cvI,"['139.7718849', '35.6676193']",Walking at Tsukiji and Tsukishima at night
212,https://www.youtube.com/embed/s9VYTn5h8VQ,"['139.7678405', '35.681207']",Spaziergang im Regen vom Tokio Hbf. nach Akihabara
213,https://www.youtube.com/embed/aiM18wgpl8U,"['139.333317', '35.7345538']","Firefly festival in Fussa city, Tokyo - 2018"
214,https://www.youtube.com/embed/NeE0O_Ia0T0,"['139.7036093', '35.7126133']",Walking at night Takadanobaba
215,https://www.youtube.com/embed/o_zFo6wQEHc,"['140.4939742', '35.8945496']",Sawara at sunset
216,https://www.youtube.com/embed/Vsi1gXaSu7c,"['139.7699783', '35.7280873']",Walking in Yanaka at night
217,https://www.youtube.com/embed/utIB6AykyLs,"['139.7955029', '35.6963336']",Random walk from Ryogoku to SkyTree
218,https://www.youtube.com/embed/vBpIZgHAGHc,"['139.7101026', '35.6467294']",Night walk from Ebisu to Meguro
219,https://www.youtube.com/embed/628xBUVNmTQ,"['139.7095808', '35.6481212']",Night walk between Meguro and Shinagawa
220,https://www.youtube.com/embed/gJGzSuvtX9o,"['139.761914', '35.6539667']",Night walk from Takeshiba to Ginza
221,https://www.youtube.com/embed/eJQf9FVXjoM,"['139.3900334', '36.1393899']",Kumagaya Uchiwa festival
222,https://www.youtube.com/embed/JKG4eXrFDF4,"['139.1344994', '34.2055236']",Kozushima walk - 1
223,https://www.youtube.com/embed/chYTdPxmePw,"['139.7649089', '35.6712232']",Walking around Hibiya Midtown tower
224,https://www.youtube.com/embed/7lYY-cpVwzw,"['139.4453761', '35.5419941']",Sunday Machida walk
225,https://www.youtube.com/embed/uVKBTG8ne7U,"['139.7475624', '35.6457361']",Morning Tamachi - Yureizaka - Shirokanedai walk
226,https://www.youtube.com/embed/q-ZFHRK4MYU,"['139.9076804', '35.7290758']",Walking at Edogawa hanabi (firework)
227,https://www.youtube.com/embed/JS9Qi67YOzE,"['138.5960945', '36.6207181']",Walking in Kusatsu - town of onsens (hot water streams)
228,https://www.youtube.com/embed/6Lyy1QVIhSg,"['138.5970297', '36.3483927']",Karuizawa walk
229,https://www.youtube.com/embed/r-Inp21oCNE,"['139.0126623', '36.3228267']","Walking in Takasaki, Gunma prefecture"
230,https://www.youtube.com/embed/CdtisAKdr-I,"['139.9853622', '35.7015843']","Walking at Funabashi, Chiba prefecture"
231,https://www.youtube.com/embed/eO4jR9bxF8U,"['139.3388529', '35.6556157']",Hachioji walk
232,https://www.youtube.com/embed/4gXGd3_BOrs,"['140.8267464', '35.7340035']",Choshi walk and train ride to lighthouse
233,https://www.youtube.com/embed/jrSHGwOvU8Y,"['139.6698339', '35.6658695']",Shimokitazawa walk and Hachiman shrine festival
234,https://www.youtube.com/embed/4Hk36xQ5oqM,"['139.8259768', '35.3148733']",Walking to Futtsu misaki (cut off fragment with loud music)
235,https://www.youtube.com/embed/i3powwL7bT0,"['139.7156196', '35.5628195']",Walking in Tokyo Kamata
236,https://www.youtube.com/embed/ULkFUaJX6iE,"['139.712256', '35.6057782']","Walking at Nebuta festival in Nakanobu, Tokyo"
237,https://www.youtube.com/embed/Hndf5JRwUL0,"['140.1065366', '35.6074041']",Backstreets of Japan at night - 3 - Heavy rain
238,https://www.youtube.com/embed/gJ4lsDtjZ3A,"['139.765737', '35.717346']",Nezu shrine festival
239,https://www.youtube.com/embed/nVjg3qtbGqg,"['139.875498', '35.7567078']",Rainy walk in evening Shibamata
240,https://www.youtube.com/embed/1xIyrTD85W0,"['139.7846947', '35.7208778']",Night walking from Iriya to Yoshiwara and Sumida river
241,https://www.youtube.com/embed/2PqkuJMbHaw,"['139.7724317', '35.6984426']","Night videowalk in Akihabara, Tokyo (reupload)"
242,https://www.youtube.com/embed/bjSsQkaPKfk,"['140.6262463', '38.0035902']",Walking at castle and streets of Shiroishi
243,https://www.youtube.com/embed/NnfzALzLNgY,"['141.419638', '38.305681']",Walking at cats island - Tashirojima
244,https://www.youtube.com/embed/r_xyBmp3yIM,"['141.303485', '38.435358']",Walking from Ishinomaki station to Manga museum and pier
245,https://www.youtube.com/embed/cHjKckxsOCs,"['140.8578631', '38.258663']",Walking to Sendai castle(!?!?) and Sendai station
246,https://www.youtube.com/embed/t_UdIyLpQHg,"['139.1488603', '35.7268216']",Mini-walk in Tokyo village Hinohara
247,https://www.youtube.com/embed/re-wjNxH4Jw,"['139.4827537', '35.9070457']",Walking at Kawagoe festival
248,https://www.youtube.com/embed/m5fEx0MkoMI,"['139.7105383', '35.7296019']","Halloween Cosplay in Ikebukuro, Tokyo - 2018"
249,https://www.youtube.com/embed/xBqFgy3sqFU,"['139.7016358', '35.6580339']",Shibuya Halloween - 2018
250,https://www.youtube.com/embed/PE-P-nCSxHc,"['132.3145104', '34.2954287']",Walking on Miyajima (Itsukushima)
251,https://www.youtube.com/embed/e1J6DYeJFas,"['136.8815369', '35.170915']",Walking from Nagoya station to Nagoya castle
252,https://www.youtube.com/embed/j6IRjAMeRbo,"['132.9939346', '34.3030147']",Rabbits island - Okunoshima
253,https://www.youtube.com/embed/mHXp_o0beOE,"['135.1954675', '34.7062884']",Walking near Shin-Kobe station
254,https://www.youtube.com/embed/C0MWuydrc1s,"['133.083144', '34.400557']",Mihara night walk
255,https://www.youtube.com/embed/NxXevpGGFBM,"['132.4501385', '34.4099277']",Night walk in Hiroshima from Yokogawa to Hiroshima castle
256,https://www.youtube.com/embed/z5FMpJ7rkMI,"['139.746367', '35.7312945']",Rikugien autumn leaves illumination
257,https://www.youtube.com/embed/bZKV8OG-SPc,"['139.7295292', '35.6610854']",Walking from Roppong Hills Christmas illumination to Tokyo Tower
258,https://www.youtube.com/embed/SKS7b19MLOY,"['139.726242', '35.66649']",Roppongi Christmas Lights
259,https://www.youtube.com/embed/dXCh3DvHtNs,"['140.0963398', '35.0818441']",Walking in Kamogawa town and Niemonjima
260,https://www.youtube.com/embed/4-xAbDI9qTI,"['139.7639451', '35.6714855']","Night walk looking for Christmas Lights at Tokyo station, Ginza, Yurakucho and Hibiya"
261,https://www.youtube.com/embed/DxMP69fW_RM,"['139.7608154', '35.7381581']","Night walk in Tabata (Kita city, Tokyo)"
262,https://www.youtube.com/embed/Lr-rOcev2aw,"['139.030293', '35.2005367']",Walking at Hakone and Ashinoko
263,https://www.youtube.com/embed/lfPW47mZUPU,"['139.630436', '35.4498841']",Night walk in Yokohama Nogecho and Minato-Mirai
264,https://www.youtube.com/embed/ZN2rtwA_A_M,"['139.722174', '35.6518505']",Another night walk in Tokyo from Hiroo to Roppongi
265,https://www.youtube.com/embed/0lY98l3tOrM,"['138.8096335', '36.9359839']","Walking in Yuzawa, Niigata. Snow, snow, more snow and water."
266,https://www.youtube.com/embed/YOPlNfDe4SY,"['139.0778841', '35.1038422']","Night walk in Atami, Shizuoka"
267,https://www.youtube.com/embed/ifJnYgVMwKE,"['138.8598006', '35.1026494']","Windy day in Numazu, Shizuoka"
268,https://www.youtube.com/embed/Limg4h_Hz6k,"['138.7567103', '37.1348996']","Evening walk and fly in Tokamachi, Niigata"
269,https://www.youtube.com/embed/oF5KeBA_G34,"['138.5550519', '35.6971323']","Walking to Kofu station on a rainy evening. Kofu, Yamanashi."
270,https://www.youtube.com/embed/FzReJo_S5L8,"['140.0406343', '35.8720639']","Snow. Snow? Snow! Abiko, Chiba - part 1"
271,https://www.youtube.com/embed/zor91llf_lk,"['140.0492786', '35.8578178']","Snow. Snow? Snow! Abiko, Chiba - part 2"
272,https://www.youtube.com/embed/PGoL5V5x5vM,"['139.7709318', '35.6918216']",Walking from Akihabara to Iidabashi station
273,https://www.youtube.com/embed/DaM5_yl39H4,"['139.7392848', '35.7334192']","Walking from Sugamo station to Ikebukuro, Tokyo"
274,https://www.youtube.com/embed/Sr1L_GS62Lg,"['138.19705', '36.807319']","Walking in Shinano town, Nagano. To lake Nojiri and above."
275,https://www.youtube.com/embed/iQ7nQsRrbdo,"['139.4655', '35.76103']",Walking to Tama lake
276,https://www.youtube.com/embed/LjSUlJeU1KA,"['139.7977621', '35.7107924']",Sakura at Sumida river
277,https://www.youtube.com/embed/dkB6ulK1xC4,"['140.0285463', '35.7490505']",Sakura in Andersen park
278,https://www.youtube.com/embed/Y9qn3cS9wJQ,"['140.0614966', '35.7599047']",Walking from Andersen park through Chiba countryside
279,https://www.youtube.com/embed/gLvvehWvEe4,"['140.3145868', '35.7778525']",Narita taiko festival 2019
280,https://www.youtube.com/embed/zC2PzLYViwQ,"['138.7517787', '35.5170946']",Flying and walking at Kawaguchiko lake
281,https://www.youtube.com/embed/n-vum_D0D4U,"['138.6796132', '35.495065']",Flying over lake Saiko and walking through forest Aokigahara
282,https://www.youtube.com/embed/PtGWs4vpN-g,"['136.230922', '35.197898']",Walking in Toyosato for K-ON fans
283,https://www.youtube.com/embed/_0Syq3eqUN0,"['135.072287', '35.625933']","Rainy walk in Kyotango Mineyama, Kyoto"
284,https://www.youtube.com/embed/pu9BorxYjBQ,"['135.5017863', '34.6668338']","Rainy Dotonbori at night, Osaka"
285,https://www.youtube.com/embed/7NnQSZ2mrgQ,"['135.182585', '35.55736']",Walking and flying over Amano-Hashidate
286,https://www.youtube.com/embed/IzvoQ8fcgNU,"['130.3832668', '33.5845918']",Fukuoka in May. Walking from castle remains to Hakata station.
287,https://www.youtube.com/embed/vylS-j19tx0,"['136.956921', '35.7510066']",Gujo town and Gujo Hachiman castle
288,https://www.youtube.com/embed/YwM5SB7m7Wg,"['135.0251242', '35.6674493']",Beaches of Kyoto - Kyotango
289,https://www.youtube.com/embed/9UMn6CVizOw,"['132.454048', '34.3955605']",Day walk in Hiroshima and boat ride around the castle
290,https://www.youtube.com/embed/_tRfKR0DTZ0,"['139.4190427', '35.7704984']",Walking to Totoro forest from Seibukyujomae station
291,https://www.youtube.com/embed/PYuFGDSbdY8,"['139.3467142', '35.7713118']",Walking in rainy Mizuho city by Clannad trail
292,https://www.youtube.com/embed/HIjLDMh2XmE,"['139.690516', '35.827971']",Warabi Station
293,https://www.youtube.com/embed/T5JzYSlRFNU,"['139.5500314', '35.3187653']",Kamakura firework walk
294,https://www.youtube.com/embed/BxID9VS_x0w,"['140.1032156', '35.6226557']",Walking around Chiba station
295,https://www.youtube.com/embed/NBvJEPjcnx4,"['139.6975401', '35.5304088']",Haisai Festa Kawasaki (reupload)
296,https://www.youtube.com/embed/5vldXNCf7Nw,"['139.3749019', '36.0452342']",On the way to Shinrin park
297,https://www.youtube.com/embed/ZanBTbmMPGs,"['140.1133591', '35.6131339']",Walking from Chiba station to Chiba port park
298,https://www.youtube.com/embed/UPJ0Ta24D_w,"['139.7826297', '35.6859289']","""Do not stop"" festival, or in pursuit of Sumidagawa firework"
299,https://www.youtube.com/embed/4qkC3HaKpqs,"['139.7096629', '35.6471304']",Walking at Ebisu during Obon festival
300,https://www.youtube.com/embed/AAxpwZ3dpwo,"['139.7092638', '35.7307101']",IKEBUKURO west gate night spot
301,https://www.youtube.com/embed/AFe1BaVmUo8,"['114.1725213', '22.2964836']",HONG KONG CHUNGKING MANSIONS
302,https://www.youtube.com/embed/EDaY1bSN8-E,"['126.9858296', '37.55998']",Korea Seoul Myeong-Dong
303,https://www.youtube.com/embed/gVg1yWbeXPY,"['126.9993404', '37.5701527']",Korea Seoul Gwangjang market
304,https://www.youtube.com/embed/u0mtC0ItpG0,"['126.9921017', '37.5400456']",Korea Seoul Itaewon
305,https://www.youtube.com/embed/SBCXM49kaHo,"['127.0394902', '37.6025867']",MIARI TEXAS (RED LIGHT DISTRICT) Korea Seoul
306,https://www.youtube.com/embed/YNcBY0kVqog,"['126.9882266', '37.5511694']",Korea Seoul Tower
307,https://www.youtube.com/embed/cRXP6L37tsI,"['126.9221567', '37.5520365']",Korea Seoul Hongdae CLUB STREET 
308,https://www.youtube.com/embed/JwAJjUaoqZs,"['127.1256452', '37.5439937']",CHEONHO and RED LIGHT DISTRICTS Korea Seoul
309,https://www.youtube.com/embed/2l1DQwFmw30,"['139.7075344', '35.6699022']",HARAJUKU & OMOTESANDO　Christmas eve 2017
310,https://www.youtube.com/embed/0KGx9UUtN90,"['139.7006674', '35.6593103']",SHIBUYA Christmas eve 2017
311,https://www.youtube.com/embed/Czo9XUiQI3s,"['139.6500088', '35.7050735']",TOKYO KOENJI
312,https://www.youtube.com/embed/xyCuDvmRzK4,"['139.7021279', '35.6896418']",SHINJUKU Kabukicho night spot
313,https://www.youtube.com/embed/uwJzxt2weE0,"['139.7002258', '35.7012459']",SHINOKUBO Korean town
314,https://www.youtube.com/embed/1GjAfpTfwIE,"['139.7081559', '35.6906929']",SHINJUKU NI-CHO-ME LGBT town
315,https://www.youtube.com/embed/LwuF1DMca8A,"['114.1686', '22.2937081']",HONG KONG STAR FERRY
316,https://www.youtube.com/embed/KT6gQORnfI4,"['114.1709788', '22.3175808']",HONG KONG LADIES MARKET
317,https://www.youtube.com/embed/qqF9GtvZLJY,"['114.1556712', '22.2808373']",HONG KONG LAN KWAI FONG club street
318,https://www.youtube.com/embed/1sGgYrQKrQA,"['132.4545737', '34.4013235']",HIROSHIMA ATOMIC BOMB DOME
319,https://www.youtube.com/embed/e_9Qavfh8Q4,"['132.3228766', '34.3020478']",HIROSHIMA MIYAJIMA ISLAND
320,https://www.youtube.com/embed/YvUr6zXCjXk,"['132.4552697', '34.3987956']",HIROSHIMA MOTOMACHI APARTMENT
321,https://www.youtube.com/embed/kSj0gR5kiEs,"['132.4635576', '34.3898502']",HIROSHIMA NAGAREKAWA night spot
322,https://www.youtube.com/embed/Y395xuUng8I,"['114.116897', '22.544362']",CHINA SHENZHEN LAOJIE
323,https://www.youtube.com/embed/oGig2jvaQEQ,"['114.1226389', '22.5419188']",CHINA SHENZHEN XIANGXICUN 
324,https://www.youtube.com/embed/sGhoSokISDk,"['114.1260829', '22.544297']",CHINA SHENZHEN HUBEI
325,https://www.youtube.com/embed/Vy9gGSpl7Pk,"['113.9722329', '22.5347986']",CHINA SHENZHEN WINDOW OF THE WORLD
326,https://www.youtube.com/embed/GMxd4-p0PnY,"['114.0342623', '22.520141']",CHINA SHENZHEN SHAWEI
327,https://www.youtube.com/embed/Vd3-4OUFZCo,"['114.086765', '22.540472']",CHINA SHENZHEN HUAQIANG NORTH
328,https://www.youtube.com/embed/i6PmlpA1zuY,"['102.083652', '14.9738493']",THAILAND KORAT (NAKHON RATCHASIMA)
329,https://www.youtube.com/embed/4sxB3Mqua0Y,"['102.7872325', '17.4138413']",THAILAND UDON THANI
330,https://www.youtube.com/embed/7B0gCerL0Fk,"['102.7826574', '17.8871319']",THAILAND NONG KHAI SALA KAEW KU
331,https://www.youtube.com/embed/xuWUr0GrrsE,"['100.8845478', '12.9301219']",THAILAND PATTAYA LK METRO night spot
332,https://www.youtube.com/embed/KpvYKh2h68M,"['100.8746721', '12.9274258']",THAILAND PATTAYA WALKING STREET night spot 
333,https://www.youtube.com/embed/2lJi79CVYP8,"['100.8897897', '12.9482448']",THAILAND PATTAYA ART IN PARADISE trick art museum
334,https://www.youtube.com/embed/xbc2npWHFpM,"['100.8851298', '12.9427311']",THAILAND PATTAYA SOI 6 night spot
335,https://www.youtube.com/embed/OquLJBOjfBk,"['100.8787994', '12.9314633']",THAILAND PATTAYA BEACH SIDE night time
336,https://www.youtube.com/embed/VqZhr3NJtoM,"['100.5603644', '13.7187507']",THAILAND BANGKOK KHLONG TOEI MARKET
337,https://www.youtube.com/embed/27X-fP4qp30,"['100.5689948', '13.7158569']",THAILAND BANGKOK KHLONG TOEI SLUM
338,https://www.youtube.com/embed/5VrJsm9BHR8,"['100.5530786', '13.741381']",THAILAND BANGKOK NANA PLAZA night spot 
339,https://www.youtube.com/embed/B_1Gf61BqUU,"['100.5614972', '13.737089']",THAILAND BANGKOK SOI COWBOY night spot
340,https://www.youtube.com/embed/8ve09GsdLx8,"['100.5313486', '13.72974']",THAILAND BANGKOK PATPONG STREET night spot
341,https://www.youtube.com/embed/kEiTCGVKGaE,"['104.9271937', '11.5740451']",CAMBODIA PHNOM PENH NIGHT MARKET
342,https://www.youtube.com/embed/Jf0mqB-X1wg,"['104.920908', '11.569552']",CAMBODIA PHNOM PENH CENTRAL MARKET 
343,https://www.youtube.com/embed/CnlxWomIZZA,"['104.9346623', '11.5716911']",CAMBODIA PHNOM PENH TONLE SAP RIVER SIDE
344,https://www.youtube.com/embed/AN7_uQG9DEc,"['106.6924759', '10.7667463']",VIETNAM HO CHI MINH BUI VIEN STREET 
345,https://www.youtube.com/embed/WdJ8zMofnAc,"['106.7009576', '10.7762926']",VIETNAM HO CHI MINH LE THANH TON
346,https://www.youtube.com/embed/DUkwwhxdjro,"['106.6980413', '10.7725451']",VIETNAM HO CHI MINH BEN THANH MARKET
347,https://www.youtube.com/embed/szN9M8UJgpE,"['108.366543', '22.817002']",CHINA NANNING
348,https://www.youtube.com/embed/julEy-icA8w,"['108.3282862', '22.8275502']",CHINA NANNING LOCAL PARK
349,https://www.youtube.com/embed/afrs4bGoYiY,"['108.3237501', '22.8087736']",CHINA NANNING ZHONG SHAN LU FOOD STREET
350,https://www.youtube.com/embed/8DTmy4eR-1E,"['110.4967244', '24.7764149']",CHINA YANGSHUO WEST STREET
351,https://www.youtube.com/embed/OUN18GMs2do,"['114.0748838', '22.525552']",CHINA SHENZHEN FUTIAN HUANGGANGXINCUN
352,https://www.youtube.com/embed/02aQXW2To0Q,"['114.0631491', '22.5209207']",CHINA SHENZHEN FUTIAN SHUIWEIJIE
353,https://www.youtube.com/embed/oadrRbGj858,"['120.2029194', '11.9987229']","CORON, PALAWAN, CORON TOWN ""old market"" JUST WALKING(PHILIPPINE)"
354,https://www.youtube.com/embed/TZ-B9xMrf0c,"['104.1459372', '30.7326068']",Walking in Chengdu Panda Breeding Research Center
355,https://www.youtube.com/embed/q-M71S1y5tI,"['104.080198', '30.6548352']",Walking in Chengdu Chunxi Road
356,https://www.youtube.com/embed/KlA7K927R0I,"['104.0536145', '30.6633371']",Walking in Chengdu Kuanzhai Alley
357,https://www.youtube.com/embed/0ooqndtreLo,"['104.0218814', '30.6639501']",Cycling in Chengdu 2ND RING ROAD Part 1A
358,https://www.youtube.com/embed/uYkE4ctgr1E,"['103.5169421', '30.5808843']",Walking in Chengdu Nanjiao Park
359,https://www.youtube.com/embed/Q-2IcAm-UUA,"['104.057255', '30.657144']",Walking in Chengdu People's Par
360,https://www.youtube.com/embed/LtB-QFY90qQ,"['104.0482533', '30.6457381']",Walking in Chengdu Wuhouci 
361,https://www.youtube.com/embed/cPzbQzf5USM,"['104.0637193', '30.5666402']","a Walk through the LARGEST Building in the World! (New Century Global Center, Chengdu, China)"
362,https://www.youtube.com/embed/GWfr0iYNZVU,"['106.576431', '29.5698154']",Walking in Chongqing China
363,https://www.youtube.com/embed/O3Q0Frnxonw,"['121.4458975', '31.223127']",Walking from Shanghai Jinan Temple to west Nanjing road station.Shanghai Flaneur
364,https://www.youtube.com/embed/bpY4aDOK-0E,"['116.4111111', '39.9163743']","A walk in Wangfujing, Beijing"
365,https://www.youtube.com/embed/Qd4gRNZvZCE,"['116.455419', '39.935886']","A Walk in Sanlitun, Beijing"
366,https://www.youtube.com/embed/SsZAFsgf58A,"['116.4814403', '39.9964515']","A Walk in Wangjing Soho, Beijing"
367,https://www.youtube.com/embed/qztRJrWt-Es,"['116.392385', '39.933924']","A walk in Shichahai, Beijing, Hutong tour"
368,https://www.youtube.com/embed/p4Xx2zCiq04,"['116.468427', '39.993178']","A walk in Wangjing, Beijing at 7am"
369,https://www.youtube.com/embed/yQ005IfHs0w,"['116.484772', '39.975838']","A walk in Beijing, GaoJiayuan to Jiangtai"
370,https://www.youtube.com/embed/mTJNlNPQJ8o,"['116.49609', '39.984138']","Walking around 798 Art Zone, Beijing"
371,https://www.youtube.com/embed/Pq4fIQxfq1c,"['116.4010992', '39.9439825']",SUMMER IN BEIJING | A Walk | GULOU
372,https://www.youtube.com/embed/s-hwUxziUsU,"['116.397875', '39.900194']","A walk in Beijing, Qianmen"
373,https://www.youtube.com/embed/WXIfF7TN1QQ,"['116.5698326', '40.4325703']","The Great Wall of China Walking Tour, Mutianyu 慕田峪, Beijing"
374,https://www.youtube.com/embed/L9XUUJvgNcI,"['121.5166081', '31.2413704']",Shanghai - walking Lujiazui Financial Area Pudong weekday from 5-9 pm
375,https://www.youtube.com/embed/o-7dXPvVNec,"['121.47627', '31.2350374']",East Nanjing Road to The Bund
376,https://www.youtube.com/embed/HrvlC0iPjXY,"['121.4912904', '31.2354937']",Shanghai - Night of the Bund
377,https://www.youtube.com/embed/NFAkm_--A28,"['121.3491392', '31.1553599']",Shanghai Walk | Qibao Old Town
378,https://www.youtube.com/embed/l2M2EKC_ae0,"['121.4466056', '31.2225398']",Shanghai Walk | Jing'an Temple & Nanjing West Road
379,https://www.youtube.com/embed/DhrOQ9EolXQ,"['121.4764141', '31.2167363']",Shanghai Walk | Xintiandi | East Huaihai Road
380,https://www.youtube.com/embed/7o1AvEpbqsE,"['121.4801408', '31.2356586']",Shanghai Walk | East Nanjing Road
381,https://www.youtube.com/embed/9XFIRb8DyKY,"['121.49029', '31.2357198']",Shanghai Walk | Fuzhou Road | People‘s Park
382,https://www.youtube.com/embed/9J3BL3mhuIU,"['121.4378709', '31.2037889']",Shanghai Walk | Wukang Road | Fuxing Road West
383,https://www.youtube.com/embed/LzslZ3yji5I,"['121.4451013', '31.202743']",Shanghai Walk | Hengshan Road | Huaihai Road Middle
384,https://www.youtube.com/embed/haKvKsDgybM,"['121.437516', '31.194503']",Shanghai Walk | Xujiahui 
385,https://www.youtube.com/embed/9Wh7zRKPS1I,"['121.5073379', '31.2356552']",Shanghai Walk | Pudong | Lujiazui Financial Zone | Oriental Pearl TV Tower 
386,https://www.youtube.com/embed/-uSqulOjlbo,"['121.4909571', '31.2407922']",Shanghai Walk | The Bund | Waitan | Huangpu River | Puxi & Pudong
387,https://www.youtube.com/embed/mY1CnMFfwGk,"['121.4954444', '31.2370115']",Shanghai Walk | Ferry from Pudong to Puxi | The Huangpu River
388,https://www.youtube.com/embed/0ZzA_VYUSV4,"['121.399061', '31.2015304']","Shanghai Walk | Gubei | Changning, Downtown Shanghai"
389,https://www.youtube.com/embed/Ueq34TGLpac,"['121.492094', '31.2272355']","Shanghai Walk | Yu Garden, Yuyuan | Night Walk in Chinese Lunar New year "
390,https://www.youtube.com/embed/phKjyom0ug0,"['121.4745852', '31.2183127']",Shanghai Night Walk | Xintiandi | Taipingqiao Park | Shanghai 
391,https://www.youtube.com/embed/se7BYm0EkFI,"['121.0467129', '31.1054089']",Shanghai Walk | Zhujiajiao Ancient Town
392,https://www.youtube.com/embed/PFQ1lNOzbsc,"['117.171546', '39.1042692']",Walking at Five big road | TianJin | CHINA
393,https://www.youtube.com/embed/Ol4EZD_IAdw,"['116.451752', '39.9350558']",Walking at Sanlitun | BeiJing | CHINA
394,https://www.youtube.com/embed/SssEYfmpjj0,"['117.2085774', '39.1299641']",Walking at Jiefangbei road | TianJin | CHINA
395,https://www.youtube.com/embed/FXzk1yt161A,"['117.1866308', '39.11954']",Walking at Anshan street | TianJin | CHINA
396,https://www.youtube.com/embed/epVeMAGSvHw,"['117.6841613', '39.0069061']",Walking at Xingan street | TianJin | CHINA
397,https://www.youtube.com/embed/J-BonpfLtN8,"['117.215406', '39.114911']",Walking at Xiaobailou | TianJin
398,https://www.youtube.com/embed/87SsxPRnnC0,"['117.2339985', '39.1051151']",Walking at Haihe | TianJin
399,https://www.youtube.com/embed/CTJgrXCwlKA,"['-72.2881907', '18.5138139']",Haiti - Walking Down the Hill in Pétionville
400,https://www.youtube.com/embed/HYX_f-g6tFA,"['-72.2866982', '18.5095587']","A Long Walk in Pétionville. Haiti
"
401,https://www.youtube.com/embed/hJgYuZFiSpU,"['32.5825197', '0.3475964']","A Long Walk in Kampala, Uganda 2017"
402,https://www.youtube.com/embed/qTGENG7iMBE,"['39.7497984', '-3.9385695']","Walking To Big Tuskys In Mtwapa, Kenya"
403,https://www.youtube.com/embed/R63QgC8aZrA,"['33.2026122', '0.4478566']","Long Walk In Jinja, Uganda"
404,https://www.youtube.com/embed/A-vgegwSjnw,"['32.5934746', '0.3180366']","Walking To Centenary Park In Kampala, Uganda"
405,https://www.youtube.com/embed/Gbmo2w9tFU8,"['39.5665098', '-4.2819209']",Walking In Ukunda (near Diani beach Kenya)
406,https://www.youtube.com/embed/_P7_F1WpkWA,"['32.6037218', '0.2870267']",Walking In Kansanga - Near Kampala International University
407,https://www.youtube.com/embed/wc26CURqlg8,"['39.7364911', '-3.9917811']",Easter Sunday 2018 At Bamburi Beach Mombasa
408,https://www.youtube.com/embed/NHMgwQfkaTU,"['-70.5189177', '19.7519321']",A Long Walk In Sosúa Dominican Republic
409,https://www.youtube.com/embed/X97yHMh09_U,"['39.5720946', '-4.2841152']","Walking Down The Road In Ukunda
"
410,https://www.youtube.com/embed/i3pzh7ausQo,"['36.6829927', '-3.3869254']","Walking through public market, Arusha, Tanzania"
411,https://www.youtube.com/embed/5t2sPiRrGEk,"['32.5731746', '-25.969248']",Maputo Mozambique market walking
412,https://www.youtube.com/embed/SQYxPq9b8bE,"['32.5872658', '-25.9586225']",Mozambique
413,https://www.youtube.com/embed/IzsMFGGM9sA,"['13.2301756', '-8.8146556']",Street luanda angola
414,https://www.youtube.com/embed/hNOHb2IHdA0,"['-7.9995821', '12.6496014']",Mali Walking in Bamako Center
415,https://www.youtube.com/embed/eGjldvULnqs,"['90.4125181', '23.810332']",Walking in Dhaka City ( Bangladesh )
416,https://www.youtube.com/embed/Z2whThUSBuU,"['-71.0676937', '42.3592773']",Boston Walking Tour - Beacon Hill
417,https://www.youtube.com/embed/AnwWJuQWmMg,"['-71.0570159', '42.3621673']",Boston Walking Tour - Haymarket / Downtown Crossing
418,https://www.youtube.com/embed/dxCq_s9f7Ns,"['-70.2786505', '41.6418619']",Cape Cod Walking Tour - JFK Memorial
419,https://www.youtube.com/embed/PAiofwBXcQ0,"['-70.0621533', '42.0393237']",Cape Cod Walking Tour - Highland Light
420,https://www.youtube.com/embed/MBwFE9pEmpU,"['-70.2881124', '41.6524911']",Cape Cod Walking Tour - Hyannis
421,https://www.youtube.com/embed/s886Oux3XSs,"['-70.0309753', '41.9305468']",Cape Cod Walking Tour - Wellfleet
422,https://www.youtube.com/embed/14JALDJKYko,"['-70.1786425', '42.0584412']",Cape Cod Walking Tour - Provincetown
423,https://www.youtube.com/embed/bVoqHCvpJZM,"['3.1240239', '39.8532672']",Alcúdia Majorca Walking Tour 
424,https://www.youtube.com/embed/ylQ3iu2xVRs,"['2.178185', '41.3819055']","Barcelona Walking Tour - Gothic Quarter, La Rambla, Gaudi"
425,https://www.youtube.com/embed/U6xp2E191KQ,"['2.1728297', '41.3814899']",La Rambla - Barcelona Walking Tour
426,https://www.youtube.com/embed/qeA3cgaZ8I0,"['37.6426279', '55.7700896']",Moscow. Walking on Garden Ring part 1
427,https://www.youtube.com/embed/bu2w_Ku6uds,"['37.6542106', '55.7418742']",Moscow. Walking on Garden Ring part 2
428,https://www.youtube.com/embed/ZlYBiaj1SQg,"['37.604103', '55.7322474']",Moscow. Walking on Garden Ring part 3
429,https://www.youtube.com/embed/Os8z0WIYEzc,"['37.5950026', '55.7685834']",Moscow. Walking on Garden Ring part 4
430,https://www.youtube.com/embed/LRgfRjtbkrQ,"['37.5928703', '55.5705347']",Moscow. Walking along Butovo light rail line and landscape park
431,https://www.youtube.com/embed/GmYLd8PfWII,"['37.6012908', '55.7283648']",Walk inside the famous Gorky Park
432,https://www.youtube.com/embed/-gp5LWTrn5Q,"['37.6201809', '54.1948968']",Tula. Walking along Lenin avenue.
433,https://www.youtube.com/embed/U-VfVKIP5gs,"['37.6861814', '55.6123393']",Moscow. Walk on Tsaritsyno
434,https://www.youtube.com/embed/fP4UJuZcxts,"['37.6069055', '55.7427472']",Moscow. Walking along the Boulevard Ring. Part 1
435,https://www.youtube.com/embed/PagNWsjWDAo,"['37.6168167', '55.755833']",Moscow. Walking on Tverskaya Street
436,https://www.youtube.com/embed/8QRpsVirH5U,"['37.6122913', '55.7683011']",Moscow. Walking around the Kremlin Ring
437,https://www.youtube.com/embed/Gw22gUQGE7g,"['37.633167', '55.79268']",Moscow. A short evening walk from Rizhskaya metro to Sukharevskaya metro along Mira Avenue.
438,https://www.youtube.com/embed/j68m5VGuSzQ,"['103.3102331', '10.5776819']",Cambodia Sihanoukville Beach
439,https://www.youtube.com/embed/RuQR0NqS3Rg,"['120.9596667', '14.6325696']","Manila ""Smokey Mountain"" Slum (Philippine 2017)"
440,https://www.youtube.com/embed/ZQbJEUsiDVY,"['120.985301', '14.572796']","MANILA, LA CAFE, MALATE STREET JUST WALKING AT NIGHT(PHILIPPINE 2018)"
441,https://www.youtube.com/embed/8SekSEcFcDQ,"['120.9899641', '14.5708848']","MANILA, LA CAFE, MALATE STREET JUST WALKING AT NIGHT(PHILIPPINE 2018)"
442,https://www.youtube.com/embed/7C4XMzBa5MQ,"['120.5816362', '15.1660024']","Angeles City, Walking Street Outside Just Walking(Philippine 2017)"
443,https://www.youtube.com/embed/zv8BYKqUCZs,"['103.5233963', '10.6253016']",Cambodia Sihanoukville Old Market
444,https://www.youtube.com/embed/VaAEy12DwKo,"['131.882862', '43.1175716']",Russia Vladivostok - Main Street Walking Tour Part1
445,https://www.youtube.com/embed/L9scS-zQDBY,"['131.8863006', '43.1180846']",Russia Vladivostok - Main Street Walking Tour Part2
446,https://www.youtube.com/embed/btFcxroCsbg,"['131.8856455', '43.1156599']",Russia Vladivostok - Main Street Walking Tour Part3
447,https://www.youtube.com/embed/p-KxyXG4w94,"['131.8743324', '43.1153941']",Russia Vladivostok - Ocean Park Walking Tour
448,https://www.youtube.com/embed/HDsHwIEE7Lo,"['126.7080523', '37.4459776']","walking around countryside of Gewol-dong , Incheon, Korea"
449,https://www.youtube.com/embed/qIK36uxHf0Q,"['126.663457', '37.4445645']","Night walking around Incheon Open Port , Incheon , Korea"
450,https://www.youtube.com/embed/UQs-AFmVmhI,"['129.031648', '35.0973972']","Busan, South Korea -- Nampo Nightlife"
451,https://www.youtube.com/embed/HeZIkG2QrGo,"['1.864182', '46.951877']","Walking in St Valentin, FRANCE"
452,https://www.youtube.com/embed/c2lhqatE8i0,"['2.809278', '45.574983']","Walking in Le Mont Dore, FRANCE"
453,https://www.youtube.com/embed/GwBKWayRwms,"['129.1285373', '35.1734866']","Walking in Centum City, Haeundae, Busan, KOREA"
454,https://www.youtube.com/embed/PKQ_TjUlH2s,"['129.1603842', '35.1586975']","Walking in Haeundae beach, Busan, KOREA
"
455,https://www.youtube.com/embed/QTgw6T1rdsY,"['129.1532839', '35.1552342']","Walking in Dongbaek, Haeundae, Busan, KOREA"
456,https://www.youtube.com/embed/Fy8VgLdnTPU,"['129.0105924', '35.0973904']","Walking in Gamcheon culture village, Busan, KOREA"
457,https://www.youtube.com/embed/muIO_QwJCm8,"['129.1258318', '35.1628075']","Walking in Okryeonseonwon Temple, Suyeong, Busan, KOREA"
458,https://www.youtube.com/embed/vTQycaCIxT8,"['126.9882266', '37.5511694']","Walking in Namsan (Park and Tower), Seoul, KOREA"
459,https://www.youtube.com/embed/yDhUpthr4Zk,"['1.986165', '46.581832']","Walking in La Châtre, Indre, FRANCE"
460,https://www.youtube.com/embed/8zHoZG_53no,"['1.457647', '47.194304']","Walking in Les Marins, Châteauroux, Indre, FRANCE"
461,https://www.youtube.com/embed/hH1ziguka3g,"['1.686779', '46.811434']","Walking in Vieille ville, Châteauroux, Indre, FRANCE"
462,https://www.youtube.com/embed/aVdSfiCvMDg,"['-2.076324', '46.7847407']","Walking at the beach, Saint-Jean-de-Monts, FRANCE"
463,https://www.youtube.com/embed/-KJ4jaEk9OU,"['-2.0702321', '46.787838']","Walking around Avenue de la Mer, Saint-Jean-de-Monts, Vendée, FRANCE"
464,https://www.youtube.com/embed/MM4tXJ0Ri2U,"['-2.0617863', '46.793464']","Walking at Plage des Demoiselles, Saint-Jean-de-Monts, Vendée, FRANCE"
465,https://www.youtube.com/embed/DoXue-MKvd0,"['32.8998293', '24.088938']",Egypt: Backstreet of Aswan
466,https://www.youtube.com/embed/JDnMR4LA3Go,"['32.6493612', '25.6921833']",Egypt: Backstreet of Luxor
467,https://www.youtube.com/embed/W7YjsPHvJfI,"['102.1192874', '19.8993411']",Laos: Hmong Village near Luang Prabang1/2
468,https://www.youtube.com/embed/H2nugJSrZpI,"['102.1189441', '19.8965164']",Laos Hmong Village near Luang Prabang2/2
469,https://www.youtube.com/embed/P5gPM2aR_ho,"['24.5234189', '46.136286']","Romania: Walking in Biertan, Transilvania"
470,https://www.youtube.com/embed/ilM_VRLoVw4,"['25.9656554', '43.8355713']",Bulgaria Walking in Ruse
471,https://www.youtube.com/embed/JB1K90pLatI,"['-4.2879594', '11.1774929']",Burkina Faso Sidestreets of Bobo-Dioulasso
472,https://www.youtube.com/embed/XeVN1VWpcGk,"['73.0169135', '33.5651107']",Pakistan Walking in Rawalpindi
473,https://www.youtube.com/embed/d_DedrCHTeA,"['45.6878731', '43.3200035']",Chechnya: Walking on Putin Avenue in Grozny
474,https://www.youtube.com/embed/w8VNK_M3vNs,"['96.1473964', '16.7559046']",Myanmar: Walking in Dala on the South of the Yangon River
475,https://www.youtube.com/embed/vkZyv7edUGI,"['74.31343', '31.57741']",Walking tour in lohari gate lahore pakistan
476,https://www.youtube.com/embed/XfgCA_4E_eY,"['126.8983157', '37.5440825']",Walking to Seonyudo park In seoul 
477,https://www.youtube.com/embed/l7COSG_oLIw,"['74.6162532', '42.8795218']","Bishkek, Kyrgyzstan Walk Victory Square to Osh Bazaar"
478,https://www.youtube.com/embed/6iWtRLhDNTA,"['44.5148533', '40.1841142']","Walking in Yerevan, Armenia"
479,https://www.youtube.com/embed/HHYTovRc0kM,"['44.806292', '41.6920163']","Tbilisi, Georgia"
480,https://www.youtube.com/embed/ZNE70lfISyk,"['49.8357689', '40.3660532']","Baku Old Town, Azerbaijan"
481,https://www.youtube.com/embed/TAdk4_sUZXQ,"['28.8328542', '47.0243518']","Chisinau, Stefan cel Mare si Sfant Boulevard"
482,https://www.youtube.com/embed/EbDpP5UpV8Q,"['28.8429737', '47.0191806']","Walking in Chişinău, Moldova market"
483,https://www.youtube.com/embed/5LWR11YlFao,"['28.840714', '47.0304718']","Walking in Chișinău, Moldova
"
484,https://www.youtube.com/embed/SI8NDqyyzGU,"['44.5140129', '48.7056982']","Wolgograd, Russia"
485,https://www.youtube.com/embed/nKtpJHOQgTY,"['82.9039972', '54.9929361']",Novosibirsk - Walking Blyukhera street - Russia
486,https://www.youtube.com/embed/UPC183E0Rh8,"['113.500717', '52.0364027']","Chita - Walking Butina street - Russia
"
487,https://www.youtube.com/embed/MolMMaSPzwI,"['113.5122703', '52.0332664']","Chita - Walking Chkalova street - Russia
"
488,https://www.youtube.com/embed/Il40Rj8hJRU,"['113.4917825', '52.0378244']","Chita - Walking Bogomyagkova street - Russia
"
489,https://www.youtube.com/embed/UAV4g0-uKg8,"['113.5203694', '52.025881']",Chita - Night walking Lenina street - Russia
490,https://www.youtube.com/embed/XABsizwe5aU,"['46.24398', '-17.660311']","Andasibe, Madagascar"
491,https://www.youtube.com/embed/6k8iZQXoeOw,"['5.3258051', '60.3916947']","Bergen, Norway"
492,https://www.youtube.com/embed/qBl1hgkoqbI,"['79.8525385', '6.9367858']","Pettah, Colombo, Sri Lanka"
493,https://www.youtube.com/embed/6kk3eVKtdLk,"['79.8449551', '6.9235009']","Galle Face Green Fishmarket, Colombo, Sri Lanka"
494,https://www.youtube.com/embed/yXUjtL0ePCg,"['79.88991', '6.8959419']","Morning walk alond the Nawala Road, Nawala, Sri Lanka"
495,https://www.youtube.com/embed/eGDoStgZeVQ,"['81.046553', '6.8666988']",Walking Around Ella Sri Lanka 2019
496,https://www.youtube.com/embed/G566GJS2pQA,"['80.6337262', '7.2905715']",Walking Around Kandy Sri Lanka 2019
497,https://www.youtube.com/embed/WzqsfDWOXhk,"['80.6412044', '7.2915242']",Walking Around the Kandy Lake Sri Lanka
498,https://www.youtube.com/embed/kOo8YN7L6l0,"['-21.2116442', '64.0228673']","Iceland, Reykjadalur Hot Spring Thermal River"
499,https://www.youtube.com/embed/ALcUly4rZao,"['-20.5157062', '64.2642562']",Iceland Walking Tour - Brúarfoss
500,https://www.youtube.com/embed/YD-xcIGZOj0,"['-19.1122258', '65.7326923']",Iceland Walking Tour - Hólar
501,https://www.youtube.com/embed/fIRpQDzu6Gg,"['-21.1298615', '64.2558284']",Iceland Walking Tour - Þingvellir
502,https://www.youtube.com/embed/xOgnq0ZWXHA,"['-21.2505703', '64.3916755']","Iceland Walking Tour - Glymur
"
503,https://www.youtube.com/embed/gLlxlkck-gE,"['-19.8983333', '64.1055556']","Iceland Walking Tour - Sandártunga
"
504,https://www.youtube.com/embed/AFN1naoVE4g,"['-79.0046819', '-2.8968634']","CUENCA ECUADOR, WALKING IN CUENCA, PART 1"
505,https://www.youtube.com/embed/NC6Rh4B47A4,"['-49.2754909', '-25.4351674']","Walking Around Centro Curitiba, Brazil "
506,https://www.youtube.com/embed/YZzyR7DVb-4,"['23.7884709', '70.6739613']",Hiking in Hammerfest
507,https://www.youtube.com/embed/TzjxFCqT-40,"['14.3757985', '40.6262925']","Sorrento, Italy"
508,https://www.youtube.com/embed/1gklwia9xqo,"['-79.3997735', '43.7128639']","Yonge Street, Toronto"
509,https://www.youtube.com/embed/-2JBgaigpGI,"['-123.1207969', '49.280768']","Granville, Vancouver, Canada"
510,https://www.youtube.com/embed/qOnMbmfV1_0,"['151.277726', '-33.89102']","Bondi Beach, Australia"
511,https://www.youtube.com/embed/eFwSZNeHaXI,"['151.205771', '-33.8665323']","Sydney, Australia"
512,https://www.youtube.com/embed/ym5j3JX1TY4,"['-157.8270914', '21.2762181']","Waikiki Beach, Honolulu, USA"
513,https://www.youtube.com/embed/i2R1GmAWBNk,"['-123.3645826', '48.4293706']","Victoria, Canada"
514,https://www.youtube.com/embed/SJq8WGj9ZCE,"['-122.9550173', '50.1137742']","Whistler, Canada"
515,https://www.youtube.com/embed/JsGr2twzXC8,"['-105.4408333', '20.8688888']","Sayulita, Mexico"
516,https://www.youtube.com/embed/_0kW5FJaOkw,"['-77.3444366', '25.0583274']","Nassau, Bahamas"
517,https://www.youtube.com/embed/l2V0q4sW_To,"['-109.9167371', '22.8905327']","Cabo San Lucas, Mexico"
518,https://www.youtube.com/embed/-GM3PcKvfMI,"['-123.133993', '49.2711567']","Granville Island, Vancouver, Canada"
519,https://www.youtube.com/embed/9xeZJDMqPtM,"['-86.8282914', '21.1620615']","Cancun, Mexico"
520,https://www.youtube.com/embed/RVzob7KBzTg,"['-87.0621137', '20.6406959']","Fifth Avenue, Playa del Carmen, Mexico"
521,https://www.youtube.com/embed/AnEqgU3u9ng,"['-86.9490658', '20.5089792']","Cozumel, Mexico"
522,https://www.youtube.com/embed/PsV5tcWqMf8,"['-105.2270188', '20.6383476']","Puerto Vallarta, Mexico"
523,https://www.youtube.com/embed/EBcg5zdPGjw,"['-120.1940085', '51.469665']",Spring Walk in Canadian Wilderness
524,https://www.youtube.com/embed/5YIV8GfPQhk,"['-117.1673994', '32.715694']",Downtown San Diego
525,https://www.youtube.com/embed/aQPUbiblOHo,"['-117.0284878', '32.5220712']","Tijuana, Mexico"
526,https://www.youtube.com/embed/c9GUP8DGglY,"['-73.568908', '45.5003614']","Montreal, Canada"
527,https://www.youtube.com/embed/AwKOMKq6qO0,"['-75.703281', '45.4203082']","Ottawa, Canada"
528,https://www.youtube.com/embed/cWdBk2hmOSg,"['-79.0828538', '43.0835587']","Niagara Falls, Canada"
529,https://www.youtube.com/embed/QhgeU9L6sQc,"['-77.0198632', '38.8893841']","Washington D.C., USA"
530,https://www.youtube.com/embed/181Tfbzs84k,"['-149.8851347', '61.2177628']","Downtown Anchorage, Alaska, USA"
531,https://www.youtube.com/embed/ACjxTsAVFK0,"['-134.4197221', '58.3019444']","Juneau, Alaska"
532,https://www.youtube.com/embed/Ie1XuGYAVIY,"['18.0582025', '59.3319443']","Sweden, Stockholm, walking from Vasagatan to Sveavägen"
533,https://www.youtube.com/embed/adyKe84_a30,"['18.0533173', '59.3349986']",Walking in Stockholm
534,https://www.youtube.com/embed/08J0yg5aa1Q,"['24.9414964', '60.1708561']","Walking in Helsinki, Finland"
535,https://www.youtube.com/embed/qKlip9Q3fQE,"['26.5046438', '67.9222304']",Walking in Finish Lapland
536,https://www.youtube.com/embed/HKUcm1juEbM,"['145.6713501', '-16.7444318']",Palm Cove - Tropical North Queensland Australia
537,https://www.youtube.com/embed/NKy7WVwZBXg,"['115.85728', '-31.9572191']","Elizabeth Quay to Central Station along Swan River, Perth"
538,https://www.youtube.com/embed/SXNyCg0b2m4,"['153.0167141', '-27.4634545']","Brisbane, Australia"
539,https://www.youtube.com/embed/QhYZ21kKEZ8,"['-97.1387736', '49.8942557']","Walking In Winnipeg, Canada, Downtown to Union Station And St-Boniface Cathedral"
540,https://www.youtube.com/embed/Y8Z7WHFZAN0,"['-97.184118', '49.897321']","Winnipeg Walk, Sargent Ave, Ellice Ave Loop to Downtown FPV"
541,https://www.youtube.com/embed/RLWSRkTxIt4,"['104.00735', '1.1471905']","Walking in Indonesia ""Nagoya"" Batam Island"
542,https://www.youtube.com/embed/0eP3UJuL9YI,"['103.8364534', '1.4612249']","Walking In Sembawang, Singapore"
543,https://www.youtube.com/embed/0NPDkD85HGg,"['103.858492', '1.2811867']",Walking in Singapore
544,https://www.youtube.com/embed/7w2q4hGyYqk,"['143.197199', '42.9233354']","Obihiro, Japan"
545,https://www.youtube.com/embed/bkRPpELcOsU,"['39.8702329', '21.4053413']","Makkah, Saudi Arabia"
546,https://www.youtube.com/embed/6CLOA3ztiRc,"['39.8221364', '21.4129528']",Umrah walk from Dar al Eiman Grand hotel Makkah
547,https://www.youtube.com/embed/k91Gswef3Iw,"['3.058872', '36.7844961']","Streets of Algiers
"
548,https://www.youtube.com/embed/gGgipjBrQK4,"['18.1068984', '42.6417934']",Dubrovnik Historic Town Gate to Gate Walking Tour
549,https://www.youtube.com/embed/UNrAzvwOU1Y,"['-0.3769676', '39.4739278']",Ciutat Vella 'Historic Town' Valencia Walking Tour
550,https://www.youtube.com/embed/OyDetT-lIKI,"['-0.3571277', '39.4587375']",City of Arts and Sciences Valencia Walking Tour
551,https://www.youtube.com/embed/wCc9Z98Hlqk,"['4.3972006', '51.2213463']",Antwerp Exploring City Centre Walking Tour
552,https://www.youtube.com/embed/-3A3e5j7npA,"['4.41777', '51.217589']",Antwerp Central Railway Station Walking Tour
553,https://www.youtube.com/embed/ojvtWuXx-ww,"['-0.3230077', '39.4657644']",Playa de la Malvarrosa Valencia Beach Boulevard Walking Tour
554,https://www.youtube.com/embed/Ud_7LtL4U0A,"['5.8327525', '50.8650534']",Valkenburg Historic Town Walking Tour
555,https://www.youtube.com/embed/8sLnUPuWtiU,"['-0.0809814', '51.5168974']",Downtown London - The Shard - Tower Bridge Walking Tour
556,https://www.youtube.com/embed/EFNz-BYJrGU,"['-0.119543', '51.503324']",London UK - The Eye - Big Ben - Buckingham Palace Walking Tour
557,https://www.youtube.com/embed/bTxDl2Ayhcw,"['4.900272', '52.3791283']",Amsterdam Railway Station and Subway Ride Walking Tour
558,https://www.youtube.com/embed/TSIXpPdByzA,"['-0.3469858', '39.452942']","Oceanografic Valencia, Largest Marine Park of Europe Walking Tour"
559,https://www.youtube.com/embed/JXe-1dIlCw4,"['55.1438565', '25.0849469']",Dubai Marina Waterfront Walking Tour
560,https://www.youtube.com/embed/6MvMsSsMY8I,"['55.2765298', '25.1950696']",Dubai Burj Khalifa Lake Walking Tour
561,https://www.youtube.com/embed/WT9RMaobD7o,"['55.2764778', '25.198549']",Dubai Mall Full Coverage Walking Tour
562,https://www.youtube.com/embed/koJT64Em0f8,"['123.3660042', '9.9494216']",Moalboal White Beach Walking Tour
563,https://www.youtube.com/embed/l85gU_SW9_0,"['123.3788788', '9.9445183']",Moalboal Panagsama Beach and Town Walking Tour
564,https://www.youtube.com/embed/ymff8cAYMSM,"['55.1200479', '25.1335895']",Atlantis Aquaventure Dubai Walking Tour
565,https://www.youtube.com/embed/ZBRh3YRmVro,"['123.8986226', '10.3005314']",Downtown Cebu City Walking Tour
566,https://www.youtube.com/embed/etiatMRgFcM,"['55.3599031', '25.2455213']",Dubai Airport DXB Terminal 1-3 Walking Tour
567,https://www.youtube.com/embed/MmTX0xjqFQg,"['123.3741528', '9.8023553']",Kawasan Falls Cebu Walking Tour
568,https://www.youtube.com/embed/yZZihcN8_hc,"['4.5463893', '52.2700188']",Keukenhof - Garden of Europe - Walking Tour
569,https://www.youtube.com/embed/dh4l1qQ5RUs,"['4.9076975', '52.3606186']",Amsterdam Museum Square Walking Tour
570,https://www.youtube.com/embed/4wiQKqA32_I,"['118.645', '9.9341667']",Nagtabon Beach Palawan Walking Tour
571,https://www.youtube.com/embed/Df--IjiWBcI,"['118.7302355', '9.7404178']",Downtown Puerto Princesa Palawan Walking Tour
572,https://www.youtube.com/embed/dteKA57y5PY,"['119.3888629', '11.1790798']",Taraw Peak Canopy Walk El Nido Palawan Walking Tour
573,https://www.youtube.com/embed/6vuFh6NNa70,"['2.337644', '48.8606111']",Inside Louvre Museum Paris - Mona Lisa - Walking Tour (Part 1)
574,https://www.youtube.com/embed/FRmvCQM-XGU,"['2.3395251', '48.8601129']",Inside Louvre Museum Paris - Napoleon Apartments - Walking Tour (Part 2)
575,https://www.youtube.com/embed/aHX4HnwbniU,"['4.3208976', '52.0791598']",The Hague City Walking Tour
576,https://www.youtube.com/embed/PGKAkMLIiGk,"['4.2744763', '52.1088475']",Scheveningen - The Hague - Beach Walking Tour
577,https://www.youtube.com/embed/IPib4jcfu3c,"['14.4114366', '50.0864771']",Prague Old Town Walking Tour
578,https://www.youtube.com/embed/ltaJj10exOw,"['119.337398', '11.195825']",Helicopter Beach El Nido Palawan Walking Tour
579,https://www.youtube.com/embed/BnbmE5J_k9g,"['2.3469911', '48.8836236']",The 18th Arrondissement Paris - Sacre Coeur - Walking Tour
580,https://www.youtube.com/embed/JfIfBcsIwig,"['119.4381231', '11.3042184']",El Nido Palawan Nature Hike Walking Tour
581,https://www.youtube.com/embed/2OY29zN18PI,"['119.3896195', '11.1788918']",El Nido Town and Beach - Palawan - Walking Tour
582,https://www.youtube.com/embed/z2n_ZGMrUgs,"['124.0238037', '9.6560172']",1km Zipline Bohol Adventure Park - On Ride - Walking Tour
583,https://www.youtube.com/embed/lcFMy5tbHuw,"['2.3369381', '48.8579003']",Seine River Banks Paris Walking Tour
584,https://www.youtube.com/embed/8hgxeZmkOf0,"['123.9776328', '10.3168452']",Mactan Cebu International Airport Walking Tour
585,https://www.youtube.com/embed/pRKNowRH-e4,"['14.3998052', '50.0791195']",Petrin Park in Prague
586,https://www.youtube.com/embed/MEvR1br8iQE,"['2.3581892', '48.8612327']","Marais, Paris"
587,https://www.youtube.com/embed/oe8HC3nTArc,"['-99.141896', '19.4116332']",Walking In Mexico City (Mexico)
588,https://www.youtube.com/embed/K-Cyb1_8yc8,"['-57.5455525', '-37.990836']",Video Walk Argentina – Mar Del Plata Walking Tour
589,https://www.youtube.com/embed/Z1SbLIKCrAo,"['-99.1546298', '19.4362086']",Walking Tour Mexico City - Videowalk
590,https://www.youtube.com/embed/SqZWZTu1veA,"['-73.9773486', '40.7527639']",Walking Tour of Grand Central Terminal — New York City
591,https://www.youtube.com/embed/SrQfVrgthp4,"['-57.5548973', '-38.0065143']",Walking In Mar Del Plata (Argentina)
592,https://www.youtube.com/embed/JAHZMMhRNQQ,"['-73.9774825', '40.7537408']",Walking Around New York City - Manhattan Videowalk
593,https://www.youtube.com/embed/tV1IR3zEays,"['-99.133208', '19.4326077']",Walking Mexico City - Video Walk
594,https://www.youtube.com/embed/ExBLrRS5iOM,"['-73.9918181', '40.7637581']","Walking Tour Of Hell’s Kitchen, New York City"
595,https://www.youtube.com/embed/OzquNT_xjio,"['-99.1618449', '19.426753']",Mexico City — Video Walk
596,https://www.youtube.com/embed/yPYMXQdlr_k,"['-57.5379686', '-38.0470266']",Mar Del Plata Walking Tour — Argentina Video Walk
597,https://www.youtube.com/embed/ZkFeEQxDo0s,"['-74.0170279', '40.7032775']",New York City — Video Walk
598,https://www.youtube.com/embed/2vMOyxJhpS8,"['-99.1642971', '19.4266945']","MEXICO CITY — Zona Rosa, Video Walk"
599,https://www.youtube.com/embed/TScr2bIJVv0,"['-3.7052405', '40.4202734']",Walking Tour of Madrid Spain — Video Walk
600,https://www.youtube.com/embed/7XKowoEH-VM,"['-8.6291053', '41.1579438']","Porto, Portugal — Video Walk"
601,https://www.youtube.com/embed/KZLyc_Bc_N8,"['-7.9890548', '31.6258616']",Walking Tour of Marrakech - Morocco Old Medina Souk
602,https://www.youtube.com/embed/b4_K4sO8Jx4,"['-9.1431297', '38.7204486']","LISBON, PORTUGAL — Walking Travel Tour"
603,https://www.youtube.com/embed/qmumU2NXhlU,"['-55.9008746', '-27.3621374']","ARGENTINA — Misiones, Posadas, Video Walk"
604,https://www.youtube.com/embed/NeAC-MfTZzU,"['-3.7034011', '40.4205637']","MADRID, GRAN VIA — Spain (España) Walking Tour"
605,https://www.youtube.com/embed/OsnRSr7LxII,"['-8.008899', '31.6336545']",Walking Tour of Modern Marrakech — Morocco Africa Video Walk
606,https://www.youtube.com/embed/ABZOBi7nIC0,"['-9.1303235', '38.7124976']","Walking Tour of LISBOA, Portugal — Alfama Video Walk"
607,https://www.youtube.com/embed/4bJyoDq0pGg,"['-3.7020153', '40.4255336']","Walking Tour of Madrid, Spain — Video Walk España"
608,https://www.youtube.com/embed/hlCNJ5Qt83s,"['-7.9960745', '31.6327832']",Walking Tour of Real Marrakech — Morocco Africa Video Walk
609,https://www.youtube.com/embed/Y7vp9fBmH-M,"['-3.7087575', '40.4151106']","Walking Tour of MADRID — Mercado de San Miguel, Plaza Mayor & Lavapies"
610,https://www.youtube.com/embed/tzWlaGgqdFA,"['-8.006069', '31.6304558']",Marrakech Walking Tour — Morocco Video Walk
611,https://www.youtube.com/embed/Q4f2puQImjE,"['-3.7132064', '40.423596']","MADRID Spain — Walking Tour, Plaza de España"
612,https://www.youtube.com/embed/IGMYckugha4,"['-7.9936074', '31.6238033']","Walking Tour of Magic MARRAKECH — Africa Video Walk, Morocco"
613,https://www.youtube.com/embed/SaDjNMF7hzo,"['-58.45685', '-34.562121']","Buenos Aires, Argentina — City Walking Tour"
614,https://www.youtube.com/embed/sBR16h6Sq60,"['-58.4560226', '-34.5627725']","Walking Tour of Buenos Aires, Argentina"
615,https://www.youtube.com/embed/dXJYg3Qx6e4,"['-56.1636664', '-34.9280236']","Montevideo, Uruguay — Walking Tour"
616,https://www.youtube.com/embed/DJmH7qXkT4c,"['-56.2063312', '-34.9080259']","Montevideo, Uruguay — Cuidad Vieja"
617,https://www.youtube.com/embed/Cgdf9xGf46Q,"['-56.1997163', '-34.9070173']","Montevideo, Uruguay — City Walking Tour"
618,https://www.youtube.com/embed/oS1IrD4zOA0,"['-0.1199817', '51.5011201']","London, England — City Walking Tour"
619,https://www.youtube.com/embed/f7oUEEI4_6I,"['-0.1498629', '51.5143039']","Walking On Oxford Street — London, England"
620,https://www.youtube.com/embed/yyD-30fdamE,"['-0.1091581', '51.5064245']",LONDON WALK — South Bank to Financial District via London Bridge
621,https://www.youtube.com/embed/Nr-I2PAVo-c,"['-0.1022564', '51.4954537']","LONDON WALK — Elephant and Castle, Southwark"
622,https://www.youtube.com/embed/uhPj8N54ig8,"['-0.0767133', '51.5101851']",LONDON WALK - Tower of London to Shoreditch
623,https://www.youtube.com/embed/oyCEOELkLc4,"['-0.1838854', '51.5234835']","London Walk, from Little Venice to Camden Town"
624,https://www.youtube.com/embed/8MNqtt6yGGo,"['-0.0767935', '51.5046947']","LONDON WALK: Tower Bridge, The Shard & London Bridge Station"
625,https://www.youtube.com/embed/804ydSgQ7rM,"['-0.0235333', '51.5054306']",Walking Tour of CANARY WHARF — London
626,https://www.youtube.com/embed/6i1KGXS9l5Y,"['-0.1388606', '51.5131801']",London Walk on CARNABY STREET — London
627,https://www.youtube.com/embed/OpcKQrsOxCo,"['-156.0457396', '20.6641834']","Hiking Pipiwai Trail in Kipahulu, Maui Hawaii "
628,https://www.youtube.com/embed/2lgD9yms3Yk,"['-156.4592205', '20.762126']","Walking along the shore of Kihei Beach in Maui, Hawaii"
629,https://www.youtube.com/embed/dfgfEj9vaAo,"['-118.1912538', '33.77053']","Walking around Downtown Long Beach, California"
630,https://www.youtube.com/embed/Fhg8tvyJbAo,"['-118.4682388', '33.9796832']","Walking from Venice Beach to Santa Monica Pier in Los Angeles, California"
631,https://www.youtube.com/embed/JEVpdAl5_zs,"['-87.6233039', '41.8826572']","Walking around The Magnificent Mile in Chicago, Illinois"
632,https://www.youtube.com/embed/H9JHVl_OSe8,"['-94.5940452', '39.0413725']","Walking around Country Club Plaza in Kansas City, Missouri"
633,https://www.youtube.com/embed/I4NQVvXEQ-o,"['-118.3409736', '34.1015702']","Walking around Hollywood Boulevard in Los Angeles, California"
634,https://www.youtube.com/embed/vkdD5DOQ3fg,"['-118.4037817', '34.0699649']","Walking tour around Rodeo Drive in Beverly Hills, California "
635,https://www.youtube.com/embed/rAO37L0XkB0,"['-117.1689658', '32.7073853']","Walking around the Shoreline of San Diego Bay in Downtown San Diego, California"
636,https://www.youtube.com/embed/_YHF7n16gm8,"['-117.2528308', '32.7714323']","Walking around Mission Beach and Pacific Beach Boardwalk in San Diego, California"
637,https://www.youtube.com/embed/LeYRiwvzxC0,"['-118.4963569', '34.015962']","Walking around 3rd Street Promenade in Santa Monica, California"
638,https://www.youtube.com/embed/m6Hz8F-IhBY,"['-95.2557961', '38.9543439']","Walking around University of Kansas (KU) in Lawrence, Kansas"
639,https://www.youtube.com/embed/6PHApdWRjEY,"['-72.9300836', '41.3106975']","Walking around Yale University in New Haven, Connecticut"
640,https://www.youtube.com/embed/u68EWmtKZw0,"['-73.9855666', '40.7579319']","Walking tour of Times Square in Midtown Manhattan, New York City"
641,https://www.youtube.com/embed/J87r4Wlw_3o,"['-73.9934845', '40.7032596']",Walking across the Brooklyn Bridge in New York City
642,https://www.youtube.com/embed/jv4m41pbOJE,"['-74.003688', '40.7563276']","Walking tour of The High Line in Manhattan, New York City"
643,https://www.youtube.com/embed/DmkXWRX5CMk,"['-73.9973273', '40.7191413']","Walking around Little Italy & Chinatown in Lower Manhattan, New York City"
644,https://www.youtube.com/embed/TgeX-AF7_DE,"['-73.9844722', '40.759011']",Walking around Times Square at Night in New York City 
645,https://www.youtube.com/embed/HCoB4xi-UdY,"['-73.9769681', '40.7661694']","Walking around Central Park in Manhattan, New York City "
646,https://www.youtube.com/embed/cqjgkjeXvf8,"['-73.9793298', '40.5721302']","Walking around Coney Island Beach & Boardwalk in Brooklyn, New York"
647,https://www.youtube.com/embed/x-3gF172keo,"['-73.9786736', '40.7587402']","Walking around Rockefeller Center & 5th Ave in Midtown Manhattan, New York City"
648,https://www.youtube.com/embed/fvX8SQdVeps,"['-74.0131196', '40.7118011']","Walking from World Trade Center to Wall Street in Downtown Manhattan, New York City"
649,https://www.youtube.com/embed/RTLaEz-VDVg,"['-118.3405146', '33.7244611']","Hiking the Ocean Trails Reserve in Rancho Palos Verdes, California"
650,https://www.youtube.com/embed/YKoaIZq7XtY,"['-118.2379223', '34.0575748']","Walking from Olvera Street to Chinatown in Downtown Los Angeles, California"
651,https://www.youtube.com/embed/NMohqen0d9M,"['-120.1435141', '34.5960999']","Walking around the Danish Village in Solvang, California"
652,https://www.youtube.com/embed/LjwwIMN8c-k,"['-118.5018342', '34.0134619']","Walking from Santa Monica Beach to Venice Beach in Los Angeles, California"
653,https://www.youtube.com/embed/4-1w5-7MNaE,"['-118.2672541', '34.0430175']","Walking around Staples Center in Downtown Los Angeles, California"
654,https://www.youtube.com/embed/AoI7j5QzdAQ,"['126.977041', '37.579617']","Walking tour of Gyeongbokgung Palace (경복궁) in Seoul, South Korea "
655,https://www.youtube.com/embed/w-m4UON2Hlk,"['126.9877681', '37.5639658']","Walking around Myeong-dong (명동) in Seoul, South Korea "
656,https://www.youtube.com/embed/NOHG040qVlo,"['126.9754832', '37.5566225']","Walking tour of Seoullo (서울로) 7017 in Seoul, South Korea"
657,https://www.youtube.com/embed/-nm0ctcWFoA,"['126.9776692', '37.5591786']","Walking around Namdaemun Market (남대문시장) in Seoul, South Korea"
658,https://www.youtube.com/embed/Ta_JSBSHOoY,"['127.0050377', '37.5062378']","Walking around GOTO Mall (고투몰) in Seoul, South Korea"
659,https://www.youtube.com/embed/T3jMEGfcHlU,"['127.5255418', '37.7913541']","Walking tour of Nami Island (남이섬) in Chuncheon, South Korea"
660,https://www.youtube.com/embed/KWSIR0YWrdM,"['126.9779139', '37.5692289']","Walking from Cheonggyecheon Stream (청계천) to Gwanghwamun Square (청계광장) in Seoul, South Korea"
661,https://www.youtube.com/embed/98VAvXHBrXE,"['126.9993404', '37.5701527']","Walking around Gwangjang Market (광장시장) in Seoul, South Korea"
662,https://www.youtube.com/embed/W2prOMrfv-c,"['127.0071915', '37.5779788']","Walking around Ihwa Mural Village (이화 벽화마을) in Seoul, South Korea"
663,https://www.youtube.com/embed/TeQxnfR8r9o,"['126.9836531', '37.5824075']","Walking tour of Bukchon Hanok Village (북촌한옥마을) in Seoul, South Korea "
664,https://www.youtube.com/embed/Ib0hBP2iFqc,"['123.3685924', '9.8531954']","Lambug Beach in Badian, Cebu | Virutal Walk | Philippines"
665,https://www.youtube.com/embed/e6Xo6sGDrO8,"['120.5992743', '16.410921']","Walking from Session Road to Burnham Park in Baguio City, Philippines"
666,https://www.youtube.com/embed/1z49kg0EOho,"['120.9747258', '14.5895972']",Intramuros Historic Walled City in Manila | Walking Tour | Philippines 
667,https://www.youtube.com/embed/sMp88D9au-w,"['120.9794171', '14.5831177']",Walking tour of Rizal Park (Luneta) in Manila | Philippines
668,https://www.youtube.com/embed/1VFUKX1_1Jg,"['120.9747425', '14.6109748']","Walking around Divisoria in Tondo, Manila, Philippines"
669,https://www.youtube.com/embed/yK3IHeI8C_4,"['120.9750065', '14.601192']","World's Oldest Chinatown - Binondo, Manila | Walking Tour | Philippines"
670,https://www.youtube.com/embed/TNo7wxGpKow,"['-118.3605289', '34.0726803']","Walking from Farmers Market to The Grove in Los Angeles, California"
671,https://www.youtube.com/embed/uf_b2-zvWqc,"['-118.3926328', '33.8396783']","Walking tour of Redondo Beach Pier in South Bay, Los Angeles, California"
672,https://www.youtube.com/embed/Ii-qaSi0Th8,"['-117.9252409', '33.8091906']","Walking around Downtown Disney in Anaheim, California"
673,https://www.youtube.com/embed/45w3H4lwtvQ,"['-94.5810494', '39.0985482']","Walking around Downtown Kansas City, Missouri"
674,https://www.youtube.com/embed/-aAZMuNrKTk,"['-90.1916501', '38.6266074']","Walking tour of Downtown St Louis, Missouri"
675,https://www.youtube.com/embed/FBpll9xvjn8,"['-104.994906', '39.747799']","Walking tour of 16th Street Mall in Downtown Denver, Colorado"
676,https://www.youtube.com/embed/mgaTH2I2Xoo,"['-117.9189742', '33.8120918']","Walking tour of Disneyland Park in Anaheim, California"
677,https://www.youtube.com/embed/QEZVAQgItV0,"['-118.0050016', '33.6568083']","Sunset Walk at Huntington Beach, California"
678,https://www.youtube.com/embed/O05J_EE7cMs,"['-115.1224271', '36.1613923']",Walking tour of Fremont Street at Night in Downtown Las Vegas
679,https://www.youtube.com/embed/bbVJOrj_8As,"['-118.0021361', '33.657075']","Walking tour of Huntington Beach Pier, California"
680,https://www.youtube.com/embed/bMZSyRngr4o,"['-118.4961748', '34.0103237']","Walking tour of Santa Monica Pier in Los Angeles, California"
681,https://www.youtube.com/embed/7ANGypJB8Aw,"['-117.9288133', '33.6074608']","Walking tour of Newport Beach Pier in Orange County, California"
682,https://www.youtube.com/embed/PjyV4HSBQWk,"['-117.8998633', '33.6028665']","Walking around Balboa Village in Newport Beach, California"
683,https://www.youtube.com/embed/nILp_6pzTZE,"['-117.9358205', '33.6164894']","Walking along Newport Beach in Orange County, California"
684,https://www.youtube.com/embed/uppuxvbW-w8,"['-115.1728484', '36.1147065']",Walking tour of the entire Las Vegas Strip 2018
685,https://www.youtube.com/embed/fcUd_tucz2k,"['-118.2395052', '34.0523392']","Walking tour of Little Tokyo in Downtown Los Angeles, California"
686,https://www.youtube.com/embed/Xq7BA3LV-4g,"['-117.767973', '34.0858496']","Walking tour of LA County Fair 2018 at night in Pomona, California "
687,https://www.youtube.com/embed/KQF8OLe3v6M,"['-115.1658308', '36.1144942']",Las Vegas Strip at Night - 2 Hour Virtual Walking Tour 2018 
688,https://www.youtube.com/embed/GB-zhKg4gtU,"['-71.0638991', '42.3554789']",Boston Walking Tour - The Freedom Trail
689,https://www.youtube.com/embed/qby9toBxpt4,"['-71.0707192', '42.3587858']","Boston Walking Tour - Beacon Hill, Public Garden, Newbury Street"
690,https://www.youtube.com/embed/PUy0undDc38,"['-117.144553', '32.7341479']","Walking tour of Balboa Park in San Diego, California"
691,https://www.youtube.com/embed/hKkNMSqIGQg,"['-118.4451811', '34.068921']","Campus Tour of UCLA (University of California, Los Angeles) "
692,https://www.youtube.com/embed/ThJVNvl-dYM,"['-118.329934', '34.1015907']",Hollywood Boulevard Walk of Fame at Night
693,https://www.youtube.com/embed/QvV8_QEf7pA,"['-118.3536989', '34.1361499']","Walking tour of Universal City Walk Hollywood at Night in Universal Studios Los Angeles, CA"
694,https://www.youtube.com/embed/4P6HE7HSRqA,"['-118.3992376', '34.0680886']","Christmas Time at Rodeo Drive, Beverly Hills | Night Walking Tour"
695,https://www.youtube.com/embed/k-drxYtq64o,"['-118.2564806', '34.1444096']",Christmas Time at Americana the Brand in Glendale | Night Walking Tour
696,https://www.youtube.com/embed/w3zuFa00KJk,"['-118.357974', '34.0719929']",Amazing Christmas Lights at The Grove in Los Angeles | Night Walking Tour
697,https://www.youtube.com/embed/4WmxKk2BjNc,"['-117.3757196', '33.9825025']","Mission Inn Festival of Lights in Downtown Riverside, CA"
698,https://www.youtube.com/embed/F6MPkE1stAY,"['-118.1934429', '33.7648347']",Christmas Night Market at The Pike Outlets | Downtown Long Beach 
699,https://www.youtube.com/embed/FuT2c4UPFCo,"['-118.123015', '33.7568169']","Magical Christmas Lights Display in Naples Island, Long Beach CA"
700,https://www.youtube.com/embed/9a1EhA2sxUs,"['-117.7441118', '33.6508815']",Irvine Spectrum Center | Shopping Mall Destination | Night Walking Tour
701,https://www.youtube.com/embed/JIEFxGnGyXk,"['-118.1228476', '34.0625106']",Chinese Lunar New Year Festival Lion Dance 2019 at Monterey Park
702,https://www.youtube.com/embed/NRSiF27UmrE,"['-117.9027196', '33.6657383']",UVSA Tết Festival Vietnamese Lunar New Year in OC Fair
703,https://www.youtube.com/embed/_REVqFa1M5A,"['-118.2383309', '34.0623339']",Golden Dragon Parade in Chinatown Los Angeles - Chinese New Year Festival 2019 
704,https://www.youtube.com/embed/JUDieyQlZoQ,"['-118.1058333', '34.0961111']",San Gabriel Lunar New Year Festival Walk Tour
705,https://www.youtube.com/embed/XtS7B6lXDXU,"['-118.3003935', '34.1184341']",Walking Tour of Griffith Observatory in Los Angeles USA
706,https://www.youtube.com/embed/mR_ttZ2ZP68,"['-118.325934', '34.127035']",Hollywood Sign from Lake Hollywood Park in Los Angeles USA
707,https://www.youtube.com/embed/s2_8rjH6HGY,"['-117.3937377', '33.7315936']","SUPER BLOOM 2019 Poppy Fields in Walker Canyon, Lake Elsinore California"
708,https://www.youtube.com/embed/iukZUbxLyFw,"['-117.7111016', '33.4614717']",SUPER BLOOM 2019 Dana Point Headlands Trail & Harbor Point Park California
709,https://www.youtube.com/embed/WTqpTuyyDO4,"['-118.3969062', '34.7249116']",SUPER BLOOM IS ALMOST GONE at Antelope Valley California Poppy Reserve 2019
710,https://www.youtube.com/embed/PG7olfbHqSY,"['-118.3666701', '33.7571409']","Hiking the Portuguese Bend Reserve at Rancho Palos Verdes, California USA"
711,https://www.youtube.com/embed/pag1gfSgKxA,"['-118.293802', '33.709731']","Walking from Korean Friendship Bell to Point Fermin Park in San Pedro, California"
712,https://www.youtube.com/embed/0s6qgorSnFA,"['-118.1038535', '33.7427036']","Walking from Main St to Seal Beach Pier in Downtown Seal Beach, Orange County California 2019"
713,https://www.youtube.com/embed/DjJPhP64zi0,"['-118.4012809', '33.862031']","Walking around Hermosa Beach Pier in South Bay Los Angeles, California"
714,https://www.youtube.com/embed/Cy5iSFud5eg,"['-119.7204378', '34.4349873']","Walking from State St to Stearns Wharf in Downtown Santa Barbara, California"
715,https://www.youtube.com/embed/xTbhRdv1uNg,"['-118.6767462', '34.0373566']","Walking from Surfrider Beach to Malibu Pier in Malibu, California USA"
716,https://www.youtube.com/embed/ZyzmGhaHHow,"['-114.7404659', '36.0156804']","Walking Tour of Hoover Dam & Bypass Bridge in Nevada - Arizona, USA 2019"
717,https://www.youtube.com/embed/pJ5zVN0QtcY,"['-115.1696526', '36.121174']","Walking around Grand Canal Shoppes at The Venetian Hotel in Las Vegas, Nevada"
718,https://www.youtube.com/embed/6kjJmf35otQ,"['-118.4976285', '34.0091764']",Santa Monica Beach
719,https://www.youtube.com/embed/XOrARTGmtVY,"['15.6018395', '48.411983']",Krems Panoramic View (Austria)
720,https://www.youtube.com/embed/9jYZP9-CpaI,"['15.5960485', '48.4096122']",Krems Old Town (Austria)
721,https://www.youtube.com/embed/q7b7HP3SqQo,"['15.522665', '48.3936983']",Dürnstein Castle (Austria)
722,https://www.youtube.com/embed/l2DlCeJ0OuA,"['15.5430988', '48.3881195']",Wine Village (Austria)
723,https://www.youtube.com/embed/tPEFGZACTEY,"['15.7492992', '48.4302793']",Grafenegg Castle (Austria)
724,https://www.youtube.com/embed/omN6HOavEWg,"['15.8257036', '48.4360921']","Fels am Wagram (Austria)
"
725,https://www.youtube.com/embed/gI4iHDzZsCs,"['15.5486325', '48.3763536']",Wachau Valley (Austria)
726,https://www.youtube.com/embed/UUFTZUj1vFs,"['15.4143779', '48.3660154']",Spitz an der Donau (Austria)
727,https://www.youtube.com/embed/nguNIhxm5Uc,"['15.5873746', '48.4044905']",Walk Along Danube River (Austria)
728,https://www.youtube.com/embed/G68P9Gew0Lk,"['15.5960082', '48.4090714']","Krems an der Donau (Austria)
"
729,https://www.youtube.com/embed/wePWPlbpnKY,"['15.3929925', '48.5947959']",Abandoned Castle (Austria)
730,https://www.youtube.com/embed/sLqLfUfsNa4,"['15.3163765', '48.5854806']",Castle Ruins at Lake (Austria)
731,https://www.youtube.com/embed/S5WIxosHuWo,"['15.6069053', '48.5101581']",Forest Walk in Europe (Austria)
732,https://www.youtube.com/embed/rrOfq0zkEic,"['15.5663625', '48.4460262']",Senftenberg Castle (Austria)
733,https://www.youtube.com/embed/WX6MTNn05kQ,"['15.5852608', '48.4307068']","Rehberg Castle (Austria)
"
734,https://www.youtube.com/embed/EwumcWTOBBc,"['15.469576', '48.3956539']",Weissenkirchen (Austria)
735,https://www.youtube.com/embed/so4EAzUSIac,"['15.439541', '48.3715495']",Medieval Church (Austria)
736,https://www.youtube.com/embed/DUqk9XmZpnw,"['14.1490583', '47.5561524']","Castle in the Mountains (Austria)
"
737,https://www.youtube.com/embed/2dVRhkKsL3s,"['14.6256603', '47.6888212']","Alpine Castle Ruins (Austrian)
"
738,https://www.youtube.com/embed/BEdvAK0QcPA,"['15.6877108', '48.3820938']",Walking Along Danube River (Austria)
739,https://www.youtube.com/embed/2pQTSrP6Mc8,"['15.5589817', '48.4161721']","Forest Walk in Austria
"
740,https://www.youtube.com/embed/qE8EijabSo8,"['13.9010128', '47.6388074']","Grundlsee (Austria)
"
741,https://www.youtube.com/embed/hgVhu4RtjjU,"['15.6067339', '48.5102007']","Kronsegg Castle Ruin (Austria)
"
742,https://www.youtube.com/embed/wQpGvYNdcuY,"['16.3130707', '48.1863343']","Schönbrunn Palace Gardens, Vienna (Austria)"
743,https://www.youtube.com/embed/f_2gUMnVi3I,"['14.9795319', '47.3359807']","Castle Ruin on Emperor's Hill (Austria)
"
744,https://www.youtube.com/embed/pRl7vr5jzwc,"['111.2796043', '30.6965023']",Walk Along Yangtze River (China)
745,https://www.youtube.com/embed/rzZid1P4LGk,"['111.2814607', '30.6975678']","Night Market in Yichang (China)
"
746,https://www.youtube.com/embed/goIkw1GCgLE,"['15.6131161', '48.3722366']",Göttweig Abbey (Austria)
747,https://www.youtube.com/embed/KN3JYsRzTKM,"['111.2765198', '30.7023009']",Chinese Park Life (China)
748,https://www.youtube.com/embed/GTfTHXINW_0,"['16.1481611', '47.6826365']",Mountain Goats and Fantastiv View
749,https://www.youtube.com/embed/dzW_7sxI8XI,"['16.1712716', '48.0137532']",Beautiful River Walking
750,https://www.youtube.com/embed/GcFMi0R2Qh0,"['15.5827905', '48.4021921']",Exploring Beautiful Medieval City in Europe
751,https://www.youtube.com/embed/nhEJbaWZUXE,"['111.2870513', '30.7024035']",Food Court in China
